Timestamp,grade,gender,sports,letter,friends,pick_number,gaming,sitting,political_party,streaming,eyes,books_movies,height,siblings,streaming_most,streaming_minutes,movies_tv,qoc_amazon,qoc_apple,qoc_disney,qoc_hbo,qoc_hulu,qoc_netflix,qoc_youtube,dress,social_media_number,phone_week,stressed_days,stressed_school,stressed_scale,free_time,gpa,days_worthwhile,perfect,plan_after,hp_sw,wca_college,stress_scale2,homework,relaxing,color,freeTime,snowman,dessert,netflix_youtube,house,gaming_control,future,exercise,clubs,airspeed
9/10/2020 9:03:31,12,Female,1-2,Q,8,9,I don't have a preference,9,Democratic,Apple Music,Blue,Books,63,1,Netflix,90,TV Series,6,1 (Poor Quality),7,1 (Poor Quality),6,9,7,yea,2,5,7,1,7,Online interactions,4.0 or more,10,9,Yes,Harry Potter,No,8,6,2,Green,Both,Yes,Once a week,Netflix,4,Other / None,8,2,1,I don't know that
9/10/2020 9:04:08,10,Male,3-4,I,5,4,Mobile,2,Democratic,Other / None,Brown,Books,62,3,Netflix,30,Movies,1 (Poor Quality),5,8,7,8,10 (High Quality),3,yea,4,1,0,0,1,Video gaming,3.5,3,1,Yes,Harry Potter,No,2,5,3,Green,Read a book,Yes,Once a week,YouTube,6,Mobile controls,10,2,5+,I don't know that
9/10/2020 9:04:27,9,Female,0,A,1,7,Mobile,6,Independent,Other / None,Brown,Books,62,3,YouTube,0,TV Series,8,2,7,7,6,9,9,yea,0,4,7,0,6,Read,4.0 or more,50,5,Yes,Harry Potter,Yes,4,4,1,Black,Read a book,No,Once a week,YouTube,6,Xbox Controller,6,1,3,I don't know that
9/10/2020 9:04:49,12,Female,0,A,10,3,I don't have a preference,10,Other / No Affliation,Apple Music,Brown,Books,66,1,YouTube,3,Movies,10 (High Quality),10 (High Quality),10 (High Quality),10 (High Quality),10 (High Quality),10 (High Quality),10 (High Quality),yea,1,8,3,1,7,Draw,3,10,3,Yes,Both,No,8,3,4,Pink,Both,Yes,Every single day of the week.,YouTube,4,Nintendo Switch controller,9,2,2,African or European?
9/10/2020 9:05:10,10,Male,0,T,10,7,Console,9,Other / No Affliation,Other / None,Brown,Books,72,2,Hulu,120,TV Series,9,7,8,3,10 (High Quality),6,10 (High Quality),yea,2,10,5,1,8,Video gaming,4.0 or more,360,1,Yes,Star Wars,No,7,2,7,Black,Both,No,Once a week,YouTube,7,Xbox Controller,7,2,1,Blue
9/10/2020 9:05:20,12,Female,1-2,E,12,4,I don't have a preference,4,Other / No Affliation,Apple Music,Green,Books,63,1,Netflix,100,TV Series,2,1 (Poor Quality),1 (Poor Quality),1 (Poor Quality),6,7,4,yea,3,20,7,1,6,Something Entertaining,4.0 or more,55,10,Yes,Star Wars,No,6,3,1,Green,Both,Yes,Three times a week,Netflix,2,Xbox Controller,10,1,0,I don't know that
9/10/2020 9:07:48,11,Other / Opt Out,0,L,12,8,Mobile,13,Other / No Affliation,Pandora,Brown,Movies,64,1,Disney+,30,Movies,3,3,4,4,5,5,5,no,2,55,4,0,9,Online interactions,4.0 or more,265,4,Yes,Star Wars,No,7,8,2,Blue,Read a book,Yes,Five times a week,YouTube,4,Xbox Controller,8,1,1,African or European?
9/10/2020 9:08:17,9,Female,3-4,S,8,2,Console,6,Independent,Apple Music,Hazel,Movies,62,4,Netflix,360,TV Series,7,10 (High Quality),8,6,6,10 (High Quality),10 (High Quality),yea,0,15,7,1,4,Hanging out with Friends,3.5,365,8,Yes,Harry Potter,No,8,1,3,Red,Watch TV,Yes,Three times a week,Netflix,3,Standard Logitech/ Playstation Controller,8,2,1,I don't know that
9/10/2020 9:08:25,10,Male,0,A,8,7,Console,4,Republican,Apple Music,Brown,Movies,68,1,Netflix,450,Movies,7,9,8,7,7,9,9,yea,0,11,4,1,7,Something Entertaining,3,29,5,Yes,Star Wars,No,7,3,3,Grey,Both,Yes,Once a week,Netflix,4,Standard Logitech/ Playstation Controller,8,1,0,I don't know that
9/10/2020 9:08:48,11,Male,0,y,2,4,Console,8,Other / No Affliation,Other / None,Brown,Movies,67,3,Netflix,120,Movies,1 (Poor Quality),1 (Poor Quality),1 (Poor Quality),1 (Poor Quality),1 (Poor Quality),9,4,yea,1,10,4,1,6,Video gaming,3.5,300,8,Yes,Harry Potter,No,7,8,2,Orange,Watch TV,No,Once a week,YouTube,6,Standard Logitech/ Playstation Controller,6,0,0,I don't know that
9/10/2020 9:10:50,10,Male,0,Z,7,2,Console,14,Other / No Affliation,Other / None,Brown,Movies,70,1,Netflix,900,TV Series,3,2,5,8,7,9,1 (Poor Quality),no,1,20,7,1,6,Something Entertaining,4.0 or more,298,5,No,Star Trek,Yes,9,8,1,Orange,Watch TV,No,Once a week,Netflix,14,Xbox Controller,4,0,0,I don't know that
9/10/2020 9:10:51,11,Female,0,A,10,10,I don't have a preference,10,Republican,Spotify,Brown,Books,62,1,YouTube,900,TV Series,5,6,8,5,6,8,7,yea,11,35,7,1,9,"multiple of these apply; learning/productivity, hanging out with friends, and something entertaining",4.0 or more,175,10,Yes,Harry Potter,No,10,7,1,Pink,Both,Yes,Four times a week,YouTube,5,Other / None,9,1,3,African or European?
9/10/2020 9:11:07,9,Female,0,U,3,3,I don't have a preference,15,Other / No Affliation,Spotify,Brown,Books,65,1,YouTube,0,TV Series,5,5,5,5,5,10 (High Quality),10 (High Quality),yea,1,25,7,1,10,Nothing,4.0 or more,3,5,No,Harry Potter,No,9,10,2,White,Watch TV,No,Twice a week,YouTube,4,Other / None,5,0,5+,I don't know that
9/10/2020 9:11:26,12,Male,1-2,W,5,5,Console,12,Democratic,Other / None,Green,Movies,72,2,Amazon Prime Video,120,TV Series,10 (High Quality),8,9,7,5,9,9,yea,1,3,5,1,7,Learning/Productivity,4.0 or more,220,7,Yes,I like them both.,Yes,7,5,0,Blue,Watch TV,Yes,Once a week,YouTube,5,Standard Logitech/ Playstation Controller,9,1,1,African or European?
9/10/2020 9:11:42,10,Male,1-2,S,6,8,Console,12,Other / No Affliation,Other / None,Brown,Books,71,1,Netflix,900,TV Series,1 (Poor Quality),1 (Poor Quality),5,6,8,10 (High Quality),8,yea,1,12,2,1,7,Video gaming,4.0 or more,30,7,Yes,Star Wars,Yes,7,3,2,Grey,Watch TV,No,Once a week,Netflix,5,Xbox Controller,8,1,0,I don't know that
9/10/2020 9:11:55,10,Male,3-4,A,10,7,Console,10,Other / No Affliation,Other / None,Brown,Books,68.5,2,YouTube,60,TV Series,10 (High Quality),7,7,7,9,9,10 (High Quality),yea,1,9,3,1,7,Try to relax and catch up on my sleep.,4.0 or more,10,9,Yes,Star Wars,No,9,6,1,Blue,Read a book,No,Twice a week,YouTube,4,Xbox Controller,9,2,2,Blue
9/10/2020 9:12:27,12,Other / Opt Out,0,f,13,4,Console,7,Other / No Affliation,Apple Music,Brown,Books,73,3,Amazon Prime Video,540,TV Series,7,7,6,5,6,8,5,Sometimes / Maybe,1,16,7,1,8,Video gaming,3,150,7,No,Star Wars,No,8,3,2,Green,Both,Yes,Once a week,Netflix,6,Xbox Controller,4,2,0,African or European?
9/10/2020 9:13:12,10,Female,1-2,A,3,5,I don't have a preference,7,Democratic,Spotify,Hazel,Books,,1,Netflix,350,TV Series,7,5,7,7,8,9,8,yea,5,7,5,1,7,Hanging out with Friends,3.5,7,8,Yes,Harry Potter,No,9,4,2,Pink,Watch TV,Yes,Once a week,Netflix,5,Xbox Controller,8,2,2,"Blue... No, Red"
9/10/2020 9:13:24,10,Male,0,A,5,7,PC,11,Other / No Affliation,Spotify,Blue,Movies,62,1,YouTube,450,Movies,4,4,7,4,8,9,10 (High Quality),Sometimes / Maybe,3,32,5,1,7,Video gaming,3.5,50,6,Yes,Star Wars,No,8,4,2,Green,Watch TV,No,Every single day of the week.,YouTube,4,Nintendo Switch controller,6,0,0,"Blue... No, Red"
9/10/2020 9:13:31,12,Other / Opt Out,0,Q,11,4,PC,12,Other / No Affliation,Spotify,Blue,Books,70,1,YouTube,420,TV Series,8,3,1 (Poor Quality),5,8,6,9,yea,4,20,7,0,7,Something Entertaining,4.0 or more,4,9,Yes,neither,No,8,1,4,Pink,Watch TV,No,Twice a week,YouTube,4,Mouse and Keyboard,4,1,2,"Blue... No, Red"
9/10/2020 9:13:36,10,Male,0,s,14,7,Console,7,Democratic,Spotify,Brown,Movies,72,4,Netflix,275,TV Series,1 (Poor Quality),2,3,3,4,5,3,yea,5,24,1,1,3,Video gaming,3.5,335,2,Yes,Star Wars,Yes,4,4,4,Blue,Both,Yes,Three times a week,YouTube,4,Standard Logitech/ Playstation Controller,8,0,4,I don't know that
9/10/2020 9:13:41,9,Female,3-4,J,3,3,Console,5,Democratic,Other / None,Brown,Books,58.5,1,VIKI,180,Movies,4,1 (Poor Quality),4,7,8,7,9,Sometimes / Maybe,9,80,4,1,9,Sleep,3.5,60,9,Yes,Harry Potter,Yes,9,6,2,Black,Read a book,Yes,Twice a week,YouTube,7,Standard Logitech/ Playstation Controller,7,10,4,I don't know that
9/10/2020 9:13:53,10,Female,1-2,A,0,1,Console,9,Other / No Affliation,Apple Music,Brown,Books,70,1,Apple TV+,473,Movies,6,10 (High Quality),10 (High Quality),3,4,10 (High Quality),10 (High Quality),no,1,0,7,1,3,Hanging out with Friends,4.0 or more,365,1,Yes,Harry Potter,Yes,6,5,24,Purple,Both,Yes,Once a week,YouTube,6,"Retro Nintendo Controller (Wii, Gamecube, Nes/Snes)",10,2,4,"Blue... No, Red"
9/10/2020 9:13:55,11,Female,3-4,Z,6,6,Console,5,Democratic,Apple Music,Hazel,Movies,66,3,Netflix,9,TV Series,7,9,10 (High Quality),8,10 (High Quality),10 (High Quality),9,Sometimes / Maybe,4,9,5,0,8,Online interactions,3.5,20,7,Yes,Harry Potter,No,8,3,2,Red,Watch TV,No,Five times a week,YouTube,6,Xbox Controller,5,1,0,I don't know that
9/10/2020 9:13:59,9,Male,0,W,10,5,Console,5,Other / No Affliation,Other / None,Hazel,Movies,70.8,6,YouTube,999,TV Series,6,7,8,5,7,9,9,yea,0,15,1,0,5,Something Entertaining,3,182,4,Yes,Star Wars,No,5,1,4,Blue,Both,No,Three times a week,YouTube,6,Standard Logitech/ Playstation Controller,6,1,0,Blue
9/10/2020 9:13:59,9,Female,0,L,7,5,I don't have a preference,8,Other / No Affliation,Other / None,Brown,Books,63,5,YouTube,720,Movies,5,5,7,7,5,6,9,yea,2,0,3,0,4,Something Entertaining,4.0 or more,6,3,Yes,Harry Potter,No,6,3,5,Green,Both,No,Once a week,YouTube,5,Other / None,6,1,3,African or European?
9/10/2020 9:14:01,9,Male,0,B,5,9,I don't have a preference,9,Other / No Affliation,Other / None,Brown,Movies,66,1,Netflix,120,TV Series,1 (Poor Quality),1 (Poor Quality),1 (Poor Quality),1 (Poor Quality),1 (Poor Quality),10 (High Quality),9,yea,0,0,7,1,5,Video gaming,3.5,265,5,Yes,They are both bad.,Yes,5,6,2,Maroon,Watch TV,No,Once a week,Netflix,4,Nintendo Switch controller,5,1,0,I don't know that
9/10/2020 9:14:24,9,Male,0,F,0,1,PC,5,Independent,Spotify,Blue,Books,69,2,YouTube,500,TV Series,1 (Poor Quality),1 (Poor Quality),1 (Poor Quality),1 (Poor Quality),1 (Poor Quality),1 (Poor Quality),2,Sometimes / Maybe,1,7,7,1,10,Learning/Productivity,3.5,300,10,Yes,Star Wars,Yes,10,4,2,Black,Read a book,Yes,Once a week,YouTube,5,Mouse and Keyboard,3,3,0,I don't know that
9/10/2020 9:14:31,10,Female,1-2,A,10,5,Console,6,Democratic,Spotify,Brown,Books,65,1,Netflix,420,TV Series,9,9,10 (High Quality),9,8,10 (High Quality),8,yea,4,5,7,1,7,Something Entertaining,4.0 or more,273,9,Yes,Harry Potter,No,9,5,1,Purple,Both,Yes,Once a week,Netflix,7,Xbox Controller,9,2,3,African or European?
9/10/2020 9:14:48,10,Male,0,A,10,2,PC,8,Other / No Affliation,Spotify,Brown,Movies,68,4,YouTube,840,Movies,5,5,7,6,9,9,9,yea,4,15,2,1,6,Hanging out with Friends,3.5,50,4,No,Star Wars,No,7,4,2,Blue,Watch TV,Yes,Three times a week,YouTube,5,Mouse and Keyboard,7,1,0,Blue
9/10/2020 9:14:51,10,Female,3-4,J,8,10,Console,6,Other / No Affliation,Spotify,Black,Movies,60,1,Netflix,60,Movies,5,5,7,5,5,8,7,yea,3,2,7,1,6,Something Entertaining,3,10,7,Yes,Harry Potter,No,7,8,2,Blue,Watch TV,Yes,Once a week,Netflix,5,Xbox Controller,6,0,2,I don't know that
9/10/2020 9:14:56,9,Female,0,A,3,7,I don't have a preference,10,Other / No Affliation,Pandora,Hazel,Books,64,2,Amazon Prime Video,120,TV Series,9,10 (High Quality),6,6,6,6,8,Sometimes / Maybe,1,10,7,1,7,Spending time with family,4.0 or more,10,8,No,Harry Potter,Yes,9,3,1,Green,Both,Yes,Twice a week,None,5,Other / None,4,3,3,I don't know that
9/10/2020 9:15:20,10,Female,1-2,H,3,5,I don't have a preference,5,Other / No Affliation,Spotify,Hazel,Books,67,4,YouTube,1,TV Series,1 (Poor Quality),1 (Poor Quality),7,1 (Poor Quality),9,9,10 (High Quality),Sometimes / Maybe,2,5,7,1,4,Online interactions,4.0 or more,46,8,Yes,Harry Potter,Yes,4,5,5,Purple,Watch TV,No,Three times a week,YouTube,7,Nintendo Switch controller,5,0,3,I don't know that
9/10/2020 9:15:22,12,Female,1-2,e,9,5,Console,6,Other / No Affliation,Spotify,Hazel,Movies,65,2,Netflix,180,TV Series,9,9,7,4,4,9,7,Sometimes / Maybe,4,13,6,1,8,Something Entertaining,4.0 or more,300,10,Yes,Harry Potter,Yes,9,4,3,Blue,Watch TV,Yes,Once a week,Netflix,5,Xbox Controller,7,2,3,I don't know that
9/10/2020 9:15:34,10,Male,0,J,7,7,I don't have a preference,10,Republican,Spotify,Brown,Books,58,1,Disney+,240,TV Series,9,9,10 (High Quality),8,8,8,8,yea,1,10,5,1,7,Online interactions,4.0 or more,300,8,Yes,Star Wars,No,8,5,2,Red,Watch TV,No,Once a week,YouTube,5,Xbox Controller,9,1,2,I don't know that
9/10/2020 9:15:44,11,Female,1-2,e,5,5,I don't have a preference,6,Republican,Spotify,Hazel,Books,66,5,Amazon Prime Video,20,Movies,8,3,7,5,3,8,9,Sometimes / Maybe,1,20,5,1,7,Learning/Productivity,4.0 or more,20,3,No,"Harry Potter, idk",No,8,3,5,Green,Watch TV,Yes,Once a week,YouTube,2,Other / None,7,1,0,Blue
9/10/2020 9:15:51,12,Female,0,T,10,2,I don't have a preference,12,Other / No Affliation,Spotify,Brown,Movies,60,8,Netflix,60,TV Series,7,2,2,5,6,9,9,Sometimes / Maybe,2,30,7,1,9,Video gaming,3.5,70,8,Yes,Harry Potter,No,10,4,5,Purple,Watch TV,No,Four times a week,Netflix,7,Standard Logitech/ Playstation Controller,3,3,0,I don't know that
9/10/2020 9:15:54,12,Female,0,A,200,10,I don't have a preference,12,Republican,Spotify,Brown,Movies,65,1,Netflix,360,TV Series,5,5,5,5,6,8,8,Sometimes / Maybe,10,60,5,0,7,Hanging out with Friends,4.0 or more,180,1,No,Harry Potter,No,9,8,2,Maroon,Watch TV,Yes,Every single day of the week.,YouTube,4,Other / None,7,1,3,Blue
9/10/2020 9:15:54,12,Female,3-4,m,15,3,Console,10,Other / No Affliation,Spotify,Brown,Movies,60,3,Netflix,220,Movies,5,5,9,9,9,9,9,Sometimes / Maybe,5,8,7,1,5,Hanging out with Friends,3.5,365,10,Yes,Harry Potter,No,6,4,2,Blue,Watch TV,Yes,Twice a week,Netflix,6,Xbox Controller,7,2,1,African or European?
9/10/2020 9:15:54,9,Male,0,D,22,7,Console,6,Democratic,Other / None,Brown,Movies,69,1,Disney+,1,Movies,6,1 (Poor Quality),10 (High Quality),1 (Poor Quality),1 (Poor Quality),5,10 (High Quality),yea,3,4,5,1,8,Something Entertaining,3.5,135,3,Yes,Star Wars,Yes,7,5,2,Blue,Watch TV,Yes,Once a week,YouTube,4,Standard Logitech/ Playstation Controller,7,1,1,Blue
9/10/2020 9:15:56,10,Male,1-2,A,8,7,Console,8,Republican,Spotify,Brown,Books,67,2,YouTube,840,TV Series,1 (Poor Quality),1 (Poor Quality),7,1 (Poor Quality),1 (Poor Quality),9,10 (High Quality),yea,5,35,2,1,8,Video gaming,4.0 or more,15,6,Yes,Star Wars,No,6,6,2,Red,Watch TV,Yes,Once a week,YouTube,5,Standard Logitech/ Playstation Controller,7,0,0,"Blue... No, Red"
9/10/2020 9:16:02,10,Female,0,F,3,5,PC,10,Democratic,Spotify,Hazel,Books,67,1,Netflix,0,TV Series,6,4,7,3,4,8,7,yea,8,12,7,1,10,Something Entertaining,3.5,2,10,Yes,Harry Potter,No,10,20,0,Orange,Both,Yes,Once a week,YouTube,4,Xbox Controller,4,0,0,African or European?
9/10/2020 9:16:02,11,Other / Opt Out,1-2,h,15,9,Console,6,Independent,Spotify,Brown,Books,67,4,Crunchyroll,300,TV Series,3,1 (Poor Quality),1 (Poor Quality),1 (Poor Quality),1 (Poor Quality),7,7,Sometimes / Maybe,3,10,6,0,8,art,4.0 or more,304,3,Yes,the author of the first one sucks and i've never seen star wars,Yes,6,2,4,Purple,Both,Yes,Once a week,YouTube,5,Nintendo Switch controller,5,1,1,African or European?
9/10/2020 9:16:02,9,Female,0,S,4,6,Console,6,Democratic,Spotify,Hazel,Books,62,3,Netflix,2,TV Series,7,5,3,6,5,8,9,Sometimes / Maybe,2,5,3,1,8,Something Entertaining,3.5,7,9,Yes,Harry Potter,No,10,5,3,Purple,Read a book,Yes,Once a week,Netflix,6,Nintendo Switch controller,8,1,1,I don't know that
9/10/2020 9:16:03,9,Female,0,c,10,4,I don't have a preference,8,Other / No Affliation,Spotify,Brown,Movies,59,0.1,YouTube,150,Movies,7,1 (Poor Quality),9,8,9,10 (High Quality),10 (High Quality),yea,2,3,2,1,6,Hanging out with Friends,3,100,3,Yes,Star Wars,No,5,3,4,Blue,Read a book,Yes,Five times a week,YouTube,3,Nintendo Switch controller,4,3,0,Blue
9/10/2020 9:16:05,10,Male,0,E,4,5,PC,8,Other / No Affliation,Other / None,Blue,Movies,74,1,Netflix,140,TV Series,10 (High Quality),5,10 (High Quality),5,5,10 (High Quality),10 (High Quality),yea,0,1,5,1,7,video games and hanging out w/ firends,3,265,9,No,both are equal,No,8,7,3,Grey,Both,No,Once a week,YouTube,4,Xbox Controller,8,1,1,African or European?
9/10/2020 9:16:17,9,Male,0,L,7,6,Console,12,Independent,Spotify,Blue,Movies,61,1,Netflix,21,TV Series,6,7,8,7,8,8,8,Sometimes / Maybe,0,0,3,1,6,Something Entertaining,4.0 or more,365,6,Yes,"Star Wars, Lord of the Rings",No,7,2,3,Orange,Watch TV,No,Every single day of the week.,Netflix,4,Standard Logitech/ Playstation Controller,7,3,2,African or European?
9/10/2020 9:16:21,12,Male,0,b,5,7,Console,10,Other / No Affliation,Other / None,Brown,Movies,60,7,YouTube,360,Movies,5,1 (Poor Quality),4,1 (Poor Quality),1 (Poor Quality),1 (Poor Quality),8,yea,2,2,7,0,10,Something Entertaining,4.0 or more,365,8,Yes,Star Wars,No,8,7,1,Blue,Watch TV,Yes,Once a week,YouTube,9,Xbox Controller,9,2,3,Blue
9/10/2020 9:16:39,10,Female,1-2,H,100,7,Console,9,Democratic,Spotify,Brown,Movies,61,3,YouTube,250,Movies,5,5,4,5,5,8,9,yea,5,16,7,1,8,Something Entertaining,4.0 or more,2,9,Yes,Harry Potter,Yes,9,7,2,Blue,Both,Yes,Once a week,YouTube,6,Standard Logitech/ Playstation Controller,7,3,1,I don't know that
9/10/2020 9:16:44,12,Male,0,A,10,7,I don't have a preference,7,Republican,Other / None,Green,Books,78,2,YouTube,180,Movies,3,1 (Poor Quality),1 (Poor Quality),1 (Poor Quality),1 (Poor Quality),4,5,yea,0,0,7,1,9,Learning/Productivity,3.5,250,8,Yes,Lord of the Rings,No,8,4,1,Green,Read a book,Yes,Twice a week,None,6,Xbox Controller,2,1,1,African or European?
9/10/2020 9:16:51,9,Female,0,I,7,5,Console,16,Democratic,Spotify,Blue,Books,64,1,Hulu,0,TV Series,8,8,8,7,10 (High Quality),10 (High Quality),10 (High Quality),Sometimes / Maybe,2,5,3,1,9,Something Entertaining,3.5,35,7,No,Star Wars,No,8,2,6,Green,Both,No,Three times a week,Hulu,2,Mouse and Keyboard,5,1,0,African or European?
9/10/2020 9:16:53,12,Female,0,M,9,8,I don't have a preference,7,Independent,Spotify,Hazel,Movies,63,1,Netflix,21,TV Series,6,8,9,8,9,10 (High Quality),10 (High Quality),Sometimes / Maybe,3,3,6,1,6,Hanging out with Friends,4.0 or more,300,2,Yes,Harry Potter,No,7,4,3,Blue,Watch TV,Yes,Once a week,Netflix,4,Other / None,9,1,2,"Blue... No, Red"
9/10/2020 9:17:06,9,Male,1-2,E,5,8,PC,6,Democratic,Spotify,Brown,Books,67,1,Hulu,2,TV Series,8,8,8,8,9,6,9,yea,1,1,1,1,3,Video gaming,3.5,100,2,Yes,Star Wars,No,4,3,4,Blue,Both,Yes,Once a week,YouTube,4,Mouse and Keyboard,8,1,0,I don't know that
9/10/2020 9:17:11,9,Female,1-2,K,6,6,PC,6,Republican,Spotify,Blue,Movies,65,1,Netflix,840,TV Series,7,7,6,6,6,8,4,Sometimes / Maybe,2,28,4,1,6,Video gaming,3.5,200,7,Yes,Harry Potter,Yes,8,4,5,Purple,Watch TV,Yes,Twice a week,Netflix,4,Standard Logitech/ Playstation Controller,7,2,1,"Blue... No, Red"
9/10/2020 9:17:12,12,Male,1-2,F,6,4,Console,8,Other / No Affliation,Spotify,Brown,Books,70,3,Disney+,3,Movies,1 (Poor Quality),4,9,1 (Poor Quality),1 (Poor Quality),8,8,Sometimes / Maybe,1,3,2,1,6,sports,4.0 or more,330,10,Yes,Star Wars,No,10,6,0,Red,Read a book,Yes,Once a week,YouTube,6,Standard Logitech/ Playstation Controller,8,2,1,African or European?
9/10/2020 9:17:12,11,Male,1-2,K,3,10,PC,5,Other / No Affliation,Other / None,Green,Movies,72,2,YouTube,6,Movies,9,1 (Poor Quality),1 (Poor Quality),1 (Poor Quality),1 (Poor Quality),1 (Poor Quality),10 (High Quality),yea,2,3,4,1,2,Video gaming,3.5,5,9,Yes,Harry Potter,No,9,3,2,Blue,Watch TV,Yes,Four times a week,YouTube,5,Mouse and Keyboard,8,2,1,Blue
9/10/2020 9:17:17,12,Female,0,M,20,3,PC,10,Democratic,Other / None,Blue,Movies,67,1,YouTube,300,TV Series,6,5,9,5,7,9,10 (High Quality),no,5,29,7,0,9,Video gaming,4.0 or more,30,10,Yes,I dont like starwars but JK rowling is transphobic and homophobic,No,8,3,6,White,Watch TV,Yes,Three times a week,YouTube,2,Mouse and Keyboard,7,1,3,I don't know that
9/10/2020 9:17:22,12,Female,0,y,16,4,Mobile,9,Other / No Affliation,Spotify,Brown,Movies,64,2,Netflix,300,TV Series,1 (Poor Quality),1 (Poor Quality),5,7,7,7,8,Sometimes / Maybe,7,8,5,1,6,Something Entertaining,4.0 or more,163,9,Yes,i don't watch either,Yes,7,2,3,Blue,Watch TV,No,Once a week,Netflix,5,Other / None,2,0,1,I don't know that
9/10/2020 9:17:34,11,Male,1-2,D,8,7,PC,10,Other / No Affliation,Spotify,Brown,Movies,67,1,Disney+,840,TV Series,8,7,10 (High Quality),3,5,9,10 (High Quality),yea,1,13,7,1,6,Video gaming,4.0 or more,20,7,Yes,Star Wars,Yes,8,6,1,Blue,Both,Yes,Once a week,YouTube,4,Mouse and Keyboard,10,0,1,African or European?
9/10/2020 9:17:46,11,Female,0,ñ,10,6,Console,9,Other / No Affliation,Spotify,Brown,Movies,65,1,Netflix,900,TV Series,3,1 (Poor Quality),6,1 (Poor Quality),7,8,9,Sometimes / Maybe,3,9,3,1,5,Online interactions,4.0 or more,3,3,Yes,Percy Jackson,No,5,7,3,Blue,Both,Yes,Twice a week,YouTube,5,"Retro Nintendo Controller (Wii, Gamecube, Nes/Snes)",6,1,1,I don't know that
9/10/2020 9:17:53,9,Female,1-2,W,6,9,Mobile,5,Other / No Affliation,Other / None,Dark Brown,Movies,,2,YouTube,60,TV Series,5,5,5,5,5,5,7,yea,2,24,2,1,7,Something Entertaining,3.5,64,8,No,Harry Potter,No,7,3,5,Blue,Both,Yes,Once a week,YouTube,6,Other / None,6,1,2,I don't know that
9/10/2020 9:18:01,9,Female,0,Z,13,2,Console,5,Other / No Affliation,Apple Music,Brown,Movies,66,2,Netflix,630,TV Series,8,8,10 (High Quality),10 (High Quality),9,10 (High Quality),10 (High Quality),Sometimes / Maybe,1,8,2,1,4,Something Entertaining,4.0 or more,5,1,Yes,Harry Potter,No,2,2,4,Blue,Both,Yes,Three times a week,YouTube,5,Standard Logitech/ Playstation Controller,7,2,1,I don't know that
9/10/2020 9:18:02,12,Male,1-2,E,6,3,Console,8,Other / No Affliation,Spotify,Brown,Movies,63,1,Netflix,0,Movies,1 (Poor Quality),6,5,1 (Poor Quality),4,6,6,yea,4,28,5,1,8,Something Entertaining,4.0 or more,250,7,Yes,Star Wars,No,7,4,2,Black,Watch TV,No,Once a week,Netflix,11,Standard Logitech/ Playstation Controller,4,1,3,I don't know that
9/10/2020 9:18:03,9,Male,1-2,L,20,2,I don't have a preference,5,Other / No Affliation,Spotify,Green,Movies,67,3,Disney+,60,Movies,7,5,8,4,5,6,8,yea,1,1,5,1,7,yardwork,4.0 or more,90,5,Yes,Star Wars,Yes,10,4,1,Blue,Watch TV,Yes,Once a week,None,6,Other / None,8,2,0,I don't know that
9/10/2020 9:18:05,9,Male,1-2,L,17,3,Console,5,Republican,Spotify,Brown,Movies,65,1,Netflix,20,TV Series,3,5,4,7,7,10 (High Quality),10 (High Quality),yea,3,19,5,1,6,Video gaming,3,2,6,Yes,Harry Potter,No,8,3,4,Blue,Watch TV,Yes,Once a week,Netflix,6,Standard Logitech/ Playstation Controller,7,2,1,I don't know that
9/10/2020 9:18:10,9,Male,1-2,B,4,4,PC,5,Other / No Affliation,Spotify,Brown,Movies,65,1,YouTube,360,TV Series,1 (Poor Quality),1 (Poor Quality),8,1 (Poor Quality),6,6,7,yea,3,14,0,0,1,Video gaming,3.5,31,2,Yes,Star Wars,No,2,3,5,Green,Watch TV,Yes,Twice a week,YouTube,5,Mouse and Keyboard,6,2,1,"Blue... No, Red"
9/10/2020 9:18:13,9,Male,5-6,L,6,8,Mobile,6,Republican,Other / None,Blue,Movies,63,1,Disney+,180,Movies,4,8,10 (High Quality),2,4,9,10 (High Quality),yea,0,4,3,1,5,Hanging out with Friends,3.5,100,8,Yes,Star Wars,Yes,10,3,1,Orange,Both,Yes,Four times a week,YouTube,4,Mobile controls,4,2,0,African or European?
9/10/2020 9:18:17,9,Male,0,F,10,4,PC,9,Other / No Affliation,Spotify,Hazel,Books,63,0,Netflix,150,TV Series,1 (Poor Quality),1 (Poor Quality),1 (Poor Quality),1 (Poor Quality),1 (Poor Quality),7,8,yea,1,2,7,1,10,Video gaming,2.5,50,10,Yes,Harry Potter,No,10,6,3,Purple,Read a book,No,Once a week,None,5,Mouse and Keyboard,6,2,0,Blue
9/10/2020 9:18:20,12,Female,1-2,B,6,6,I don't have a preference,7,Other / No Affliation,Spotify,Brown,Books,67,4,YouTube,0,TV Series,8,3,8,9,7,10 (High Quality),9,Sometimes / Maybe,6,4,5,0,6,Learning/Productivity,4.0 or more,154,9,Yes,Harry Potter,No,9,4,2,Green,Read a book,Yes,Once a week,YouTube,6,Other / None,5,2,1,"Blue... No, Red"
9/10/2020 9:18:31,12,Female,0,M,4,6,Console,9,Democratic,Apple Music,Hazel,Movies,62,2,Netflix,420,TV Series,5,6,8,6,7,9,7,Sometimes / Maybe,5,14,7,1,5,Video gaming,4.0 or more,180,4,Yes,Star Wars,No,7,4,2,Maroon,Watch TV,Yes,Three times a week,YouTube,3,Xbox Controller,10,0,1,Blue
9/10/2020 9:18:35,9,Male,1-2,j,31,3,PC,4,Independent,Apple Music,Brown,Books,64,1,Disney+,65,Movies,7,1 (Poor Quality),8,8,10 (High Quality),9,10 (High Quality),yea,2,15,4,1,8,Nothing,3.5,145,9,Yes,Star Wars,No,10,5,2,Green,Both,No,Once a week,YouTube,4,Mouse and Keyboard,9,2,1,Blue
9/10/2020 9:18:37,9,Male,1-2,L,7,10,Console,2,Other / No Affliation,Spotify,Brown,Movies,63,4,YouTube,240,TV Series,1 (Poor Quality),1 (Poor Quality),10 (High Quality),1 (Poor Quality),1 (Poor Quality),7,10 (High Quality),yea,3,9,5,1,9,Video gaming,3.5,365,10,Yes,Marvel,No,10,8,3,Red,Watch TV,Yes,Three times a week,YouTube,6,Standard Logitech/ Playstation Controller,10,2,0,African or European?
9/10/2020 9:18:51,12,Male,3-4,G,9,4,I don't have a preference,8,Other / No Affliation,Spotify,Brown,Movies,67,1,YouTube,120,TV Series,5,4,9,5,7,9,10 (High Quality),Sometimes / Maybe,3,14,4,1,6,Something Entertaining,3,365,8,Yes,Neither,No,8,1,4,Red,Watch TV,No,Three times a week,YouTube,4,Xbox Controller,8,1,0,Blue
9/10/2020 9:18:52,9,Female,0,J,15,6,Console,5,Other / No Affliation,Spotify,Blue,Movies,64,2,Netflix,3,Movies,5,5,8,5,5,9,8,yea,4,20,4,1,7,Video gaming,4.0 or more,300,8,Yes,Harry Potter,Yes,8,5,2,Blue,Both,Yes,Twice a week,Netflix,5,Nintendo Switch controller,7,3,3,I don't know that
9/10/2020 9:18:52,9,Male,1-2,R,25,7,Console,5,Other / No Affliation,Spotify,grey or gray,Movies,68,2,Disney Plus,420,TV Series,5,2,9,2,4,9,10 (High Quality),yea,2,3,5,1,7,Video gaming,4.0 or more,360,9,Yes,"Star Wars, Transformers movie series is also a very good movie series.",Yes,9,3,2,Black,Watch TV,Yes,Three times a week,YouTube,4,Standard Logitech/ Playstation Controller,7,3,1,"Blue... No, Red"
9/10/2020 9:18:57,12,Male,0,S,6,10,PC,8,Democratic,Spotify,Brown,Movies,64,2,YouTube,10,TV Series,5,4,8,6,6,7,9,yea,4,8,2,0,5,Video gaming,4.0 or more,365,3,Yes,Star Wars,No,5,2,4,Purple,Watch TV,Yes,Twice a week,YouTube,7,Mouse and Keyboard,7,1,0,African or European?
9/10/2020 9:19:01,9,Male,0,N,22,7,PC,6,Republican,Spotify,Blue,Movies,69,1,YouTube,400,Movies,9,7,8,7,8,9,8,yea,4,36,2,1,4,Video gaming,3.5,13,2,Yes,Star Wars,Yes,3,3,6,Orange,Watch TV,Yes,Once a week,YouTube,4,Mouse and Keyboard,7,1,2,"Blue... No, Red"
9/10/2020 9:19:12,9,Female,0,S,5,5,I don't have a preference,8,Republican,Spotify,Brown,Movies,64,1,YouTube,12,Movies,9,8,10 (High Quality),9,9,9,9,yea,1,5,5,1,8,Something Entertaining,3.5,30,7,Yes,Star Wars,No,9,2,4,Blue,Watch TV,Yes,Three times a week,YouTube,4,Other / None,7,0,0,I don't know that
9/10/2020 9:19:16,10,Male,5-6,f,10,7,Console,8,Republican,Apple Music,Blue,Movies,72,2,YouTube,100,Movies,8,4,9,7,9,8,10 (High Quality),no,4,8,5,1,8,Learning/Productivity,3,90,5,Yes,none,No,9,10,2,Green,Watch TV,No,Once a week,YouTube,4,Standard Logitech/ Playstation Controller,8,1,2,African or European?
9/10/2020 9:19:16,10,Other / Opt Out,0,B,8,5,Console,9,Democratic,Spotify,Brown,Books,63,3,YouTube,200,Movies,5,5,7,5,8,7,9,yea,2,3,4,1,9,Hanging out with Friends,3.5,20,7,Yes,Harry Potter,No,8,5,3,Blue,Read a book,Yes,Once a week,YouTube,6,Nintendo Switch controller,9,1,1,I don't know that
9/10/2020 9:19:20,9,Female,0,A,5,8,Console,8,Democratic,Spotify,Green,Movies,68,1,Netflix,6,TV Series,9,5,9,8,5,10 (High Quality),10 (High Quality),Sometimes / Maybe,1,5,5,1,8,Hanging out with Friends,3.5,200,8,No,Harry Potter,No,8,4,2,Blue,Watch TV,Yes,Once a week,Netflix,4,Nintendo Switch controller,5,1,1,"Blue... No, Red"
9/10/2020 9:19:21,12,Other / Opt Out,0,Z,5,2,PC,25,Independent,Spotify,Brown,Movies,70,2,YouTube,999,TV Series,5,5,8,5,5,9,10 (High Quality),yea,6,4,4,1,7,Online interactions,3,10,5,Yes,Star Wars,No,8,3,3,Purple,Watch TV,Yes,Once a week,YouTube,3,"Retro Nintendo Controller (Wii, Gamecube, Nes/Snes)",1,1,1,African or European?
9/10/2020 9:19:25,11,Male,1-2,P,9,7,I don't have a preference,15,Republican,Spotify,Brown,Movies,65,2,Netflix,420,TV Series,3,1 (Poor Quality),2,4,2,4,4,yea,3,55,2,1,5,Something Entertaining,4.0 or more,5,6,Yes,Star Wars,No,7,7,3,Black,Watch TV,Yes,Four times a week,Netflix,5,Mobile controls,6,0,1,African or European?
9/10/2020 9:19:25,12,Male,1-2,y,0,10,Console,8,Independent,Spotify,Brown,Books,71,1,YouTube,600,TV Series,5,5,5,5,8,8,9,Sometimes / Maybe,1,16,5,1,7,Video gaming,3.5,180,7,No,Harry Potter,No,8,3,2,Red,Both,Yes,Once a week,YouTube,4,Xbox Controller,6,1,1,African or European?
9/10/2020 9:19:28,10,Female,0,E,1,5,Console,6,Other / No Affliation,Other / None,Brown,Books,66,3,"I don't watch movies that much, just whenever my family makes me.",120,Movies,5,5,6,5,7,4,3,yea,1,10,2,1,8,"Educational stuffs, online interactions, and gaming! I am in a lot of friendly discord servers for this, and i can only talk to my best friend that i know in real life through discord",3.5,183,9,No,Neither but thats because i dont know much about either,No,8,2,5,Grey,Read a book,No,Three times a week,YouTube,6,Nintendo Switch controller,1,1,2,I don't know that
9/10/2020 9:19:32,9,Male,0,y,16,8,PC,21,Independent,Other / None,Brown,Books,64,1,YouTube,600,TV Series,4,1 (Poor Quality),1 (Poor Quality),1 (Poor Quality),1 (Poor Quality),1 (Poor Quality),10 (High Quality),Sometimes / Maybe,1,0,7,1,5,Video gaming,4.0 or more,100,10,Yes,Grand Blue Dreaming,Yes,7,8,3,Red,Both,Yes,Once a week,YouTube,5,Mouse and Keyboard,4,1,3,African or European?
9/10/2020 9:19:32,9,Female,0,Q,53,10,I don't have a preference,2,Democratic,Spotify,Hazel,Movies,70,1,Apple TV+,120,TV Series,1 (Poor Quality),10 (High Quality),8,10 (High Quality),10 (High Quality),6,2,Sometimes / Maybe,1,2,0,0,1,Something Entertaining,4.0 or more,0,1,Yes,Harry Potter,No,1,1,24,Grey,Watch TV,Yes,Once a week,Hulu,4,Other / None,10,8,5+,I don't know that
9/10/2020 9:19:33,9,Male,3-4,C,8,2,Console,8,Republican,Other / None,Brown,Movies,66,1,YouTube,28,TV Series,7,5,5,4,6,9,9,yea,2,6,3,1,6,Something Entertaining,4.0 or more,180,6,Yes,Star Wars,Yes,6,3,4,Blue,Watch TV,Yes,Four times a week,Netflix,4,Xbox Controller,6,1,1,I don't know that
9/10/2020 9:19:49,11,Female,0,k,10,3,I don't have a preference,5,Independent,Spotify,Brown,Movies,64,1,Netflix,5,TV Series,8,5,5,5,8,10 (High Quality),9,yea,4,18,7,1,8,Online interactions,4.0 or more,40,9,Yes,Harry Potter,Yes,10,8,3,Black,Watch TV,Yes,Once a week,YouTube,5,Xbox Controller,8,1,2,I don't know that
9/10/2020 9:19:53,9,Female,1-2,D,12,8,Console,7,Democratic,Apple Music,Brown,Movies,64,1,Netflix,180,TV Series,5,6,8,6,7,9,9,Sometimes / Maybe,4,44,7,1,7,soccer,4.0 or more,300,8,Yes,Star Wars,Yes,9,4,1,Red,Watch TV,No,Once a week,YouTube,4,Standard Logitech/ Playstation Controller,6,2,1,I don't know that
9/10/2020 9:19:59,11,Male,1-2,a,20,10,PC,9,Other / No Affliation,Other / None,Brown,Movies,65,1,YouTube,8,TV Series,5,5,5,5,5,5,2,Sometimes / Maybe,2,15,7,1,7,Online interactions,3,7,8,No,Star Wars,No,9,2,2,Green,Watch TV,Yes,Every single day of the week.,YouTube,4,Mouse and Keyboard,7,1,1,African or European?
9/10/2020 9:20:02,9,Male,0,h,11,7,PC,15,Other / No Affliation,Spotify,Blue,Books,66,0,YouTube,30,TV Series,3,5,5,5,4,9,8,yea,1,14,3,1,6,Video gaming,2.5,57,1,No,Harry Potter,No,8,2,6,Pink,Watch TV,Yes,Twice a week,YouTube,3,Mouse and Keyboard,3,1,1,I don't know that
9/10/2020 9:20:05,12,Female,0,B,16,7,Console,7,Democratic,Other / None,Brown,Books,,1,Netflix,20,Movies,1 (Poor Quality),1 (Poor Quality),8,5,3,9,4,yea,1,5,4,1,5,Learning/Productivity,4.0 or more,365,5,Yes,Harry Potter,No,5,4,1,Blue,Both,Yes,Three times a week,Netflix,4,Nintendo Switch controller,9,3,1,I don't know that
9/10/2020 9:20:05,12,Female,0,C,21,8,Console,8,Democratic,Spotify,Brown,Movies,68,1,YouTube,300,Movies,4,1 (Poor Quality),3,3,7,7,8,yea,4,84,7,1,8,Video gaming,4.0 or more,10,6,No,Harry Potter,No,8,6,6,Blue,Watch TV,Yes,Once a week,YouTube,4,Xbox Controller,3,1,2,I don't know that
9/10/2020 9:20:07,12,Female,1-2,F,9,2,Console,6,Republican,Spotify,Green,Books,64,6,Netflix,480,TV Series,10 (High Quality),8,10 (High Quality),8,8,10 (High Quality),7,Sometimes / Maybe,3,20,2,0,8,Hanging out with Friends,4.0 or more,100,6,Yes,Star Wars,No,10,2,2,Blue,Both,Yes,Three times a week,Netflix,6,Xbox Controller,10,1,1,I don't know that
9/10/2020 9:20:14,12,Female,0,A,9,3,I don't have a preference,7,Other / No Affliation,Spotify,Brown,Movies,61,2,Disney+,200,Movies,1 (Poor Quality),2,10 (High Quality),10 (High Quality),3,8,9,yea,1,6,5,1,7,Something Entertaining,4.0 or more,100,7,No,Harry Potter,No,9,3,3,Purple,Watch TV,Yes,Every single day of the week.,YouTube,5,Xbox Controller,3,2,3,I don't know that
9/10/2020 9:20:14,9,Female,0,J,30,7,Console,8,Other / No Affliation,Spotify,Brown,Movies,66,4,Netflix,180,TV Series,5,5,5,5,5,7,7,yea,2,8,2,1,5,Video gaming,3.5,90,1,Yes,Harry Potter,No,5,4,2,Purple,Watch TV,Yes,Once a week,Netflix,7,Nintendo Switch controller,5,1,2,I don't know that
9/10/2020 9:20:25,11,Female,1-2,z,10,7,Console,5,Democratic,Apple Music,Blue,Movies,61,4,Netflix,150,TV Series,4,5,5,4,4,3,4,Sometimes / Maybe,2,5,4,1,8,Something Entertaining,4.0 or more,55,7,Yes,Harry Potter,No,9,4,2,Green,Watch TV,Yes,Twice a week,Netflix,4,Standard Logitech/ Playstation Controller,8,2,1,African or European?
9/10/2020 9:20:33,9,Male,0,A,10,5,Mobile,13,Other / No Affliation,Spotify,Brown,Movies,68,2,Netflix,999,TV Series,9,5,9,5,8,8,6,yea,2,70,4,1,4,Something Entertaining,4.0 or more,200,8,Yes,Harry Potter,No,5,6,2,Black,Watch TV,No,Every single day of the week.,Netflix,5,Mobile controls,6,1,3,African or European?
9/10/2020 9:20:36,9,Male,1-2,R,7,4,PC,9,Democratic,Apple Music,Brown,Movies,67,1,YouTube,60,TV Series,2,8,2,2,2,9,8,yea,3,7,3,1,4,Video gaming,3.5,7,6,Yes,Harry Potter,No,7,2,2,Maroon,Watch TV,No,Once a week,YouTube,4,Standard Logitech/ Playstation Controller,7,2,1,I don't know that
9/10/2020 9:20:36,11,Female,1-2,p,6,7,I don't have a preference,6,Other / No Affliation,Spotify,Green,Movies,64,5,Netflix,300,TV Series,9,6,9,6,5,9,9,no,2,5,5,1,6,Learning/Productivity,4.0 or more,150,9,Yes,Star Wars,Yes,9,4,2,Green,Watch TV,No,Once a week,Netflix,4,Other / None,8,2,3,"Blue... No, Red"
9/10/2020 9:20:40,9,Female,0,K,7,5,I don't have a preference,7,Other / No Affliation,Spotify,Brown,Movies,63,2,Netflix,120,TV Series,5,5,9,5,5,9,8,yea,3,3,3,1,5,Something Entertaining,4.0 or more,300,10,Yes,Harry Potter,No,7,3,1,Pink,Both,No,Twice a week,Netflix,5,Other / None,7,1,2,I don't know that
9/10/2020 9:20:41,9,Male,0,F,6,7,PC,13,Republican,Spotify,Brown,Movies,66,2,YouTube,60,Movies,4,1 (Poor Quality),7,1 (Poor Quality),6,7,8,yea,2,4,3,1,6,Video gaming,3,70,5,No,Harry Potter,No,6,4,4,Pink,Watch TV,Yes,Once a week,YouTube,5,Mouse and Keyboard,3,1,0,"Blue... No, Red"
9/10/2020 9:20:41,12,Female,0,s,4,6,I don't have a preference,6,Republican,Apple Music,Blue,Movies,64,2,Netflix,120,TV Series,5,5,7,5,7,8,5,yea,5,8,5,1,7,Hanging out with Friends,4.0 or more,3,8,Yes,Star Wars,No,8,3,2,Blue,Watch TV,No,Once a week,Netflix,7,Other / None,8,1,0,I don't know that
9/10/2020 9:20:44,12,Male,0,N,20,7,PC,7,Other / No Affliation,Spotify,Blue,Books,69.75,4,YouTube,100,Movies,1 (Poor Quality),1 (Poor Quality),10 (High Quality),1 (Poor Quality),8,7,9,Sometimes / Maybe,2,4,5,1,8,Hanging out with Friends,3.5,10,7,Yes,"Harry Potter, Star Wars",Yes,9,3,4,Blue,Read a book,No,Once a week,YouTube,7,Mouse and Keyboard,8,1,0,Blue
9/10/2020 9:20:45,11,Female,1-2,f,18,8,I don't have a preference,7,Republican,Spotify,Green,Movies,65,2,Netflix,540,Movies,5,3,8,4,6,7,6,yea,2,240,7,1,8,Hanging out with Friends,4.0 or more,300,10,No,Harry Potter,Yes,10,6,1,Maroon,Watch TV,Yes,Three times a week,Netflix,5,Other / None,6,2,3,"Blue... No, Red"
9/10/2020 9:20:48,11,Male,0,B,15,4,PC,18,Republican,Apple Music,Green,Books,71.5,1,YouTube,720,TV Series,5,5,6,5,5,5,9,Sometimes / Maybe,0,6,3,1,7,Read books,4.0 or more,0,6,No,"Harry Potter, Star Wars",No,6,5,5,Orange,Read a book,Yes,Three times a week,YouTube,4,Mouse and Keyboard,5,1,1,African or European?
9/10/2020 9:21:00,9,Female,0,L,125,4,PC,12,Other / No Affliation,Spotify,Brown,Books,62,3,YouTube,420,TV Series,4,6,7,9,8,10 (High Quality),10 (High Quality),Sometimes / Maybe,14,17,7,1,8,Video gaming,3.5,7,10,Yes,Star Wars,No,10,6,2,Purple,Read a book,No,Once a week,YouTube,4,Mouse and Keyboard,7,3,3,African or European?
9/10/2020 9:21:00,10,Male,0,E,63,7,Console,15,Republican,Pandora,Brown,Movies,67,2,Hulu,7,TV Series,4,3,9,3,9,9,9,yea,2,10,2,1,6,Hanging out with Friends,4.0 or more,101,7,Yes,Hunger Games,No,7,8,1,Blue,Watch TV,Yes,Twice a week,YouTube,5,Xbox Controller,8,0,2,African or European?
9/10/2020 9:21:03,9,Female,0,B,3,7,I don't have a preference,9,Democratic,Pandora,Brown,Books,60,2,Disney+,1,Movies,9,7,10 (High Quality),4,4,4,4,yea,0,3,5,1,10,Homework,4.0 or more,20,10,Yes,Star Wars,No,9,6,1,Pink,Read a book,No,Once a week,None,6,Other / None,8,1,0,I don't know that
9/10/2020 9:21:06,9,Male,1-2,A,8,3,Console,7,Republican,Spotify,Hazel,Movies,67,3,Netflix,8,TV Series,4,6,7,5,4,9,8,no,1,3,2,1,6,Something Entertaining,3.5,150,5,Yes,Star Wars,Yes,8,4,3,Black,Watch TV,Yes,Five times a week,Netflix,5,Standard Logitech/ Playstation Controller,6,1,1,I don't know that
9/10/2020 9:21:09,9,Other / Opt Out,0,b,5,9,Console,10,Democratic,Spotify,Green,Books,64,1,Netflix,10,TV Series,3,1 (Poor Quality),2,1 (Poor Quality),8,5,10 (High Quality),Sometimes / Maybe,5,90,7,1,8,Video gaming,3.5,100,5,No,Percy Jackson,No,9,4,8,Green,Read a book,No,Three times a week,YouTube,2,Standard Logitech/ Playstation Controller,4,1,1,I don't know that
9/10/2020 9:21:16,10,Female,0,Q,5,4,PC,12,Other / No Affliation,Spotify,Hazel,Books,65,2,Netflix,420,TV Series,6,9,8,5,7,9,6,no,5,60,7,1,10,Online interactions,3.5,30,10,No,Neither,No,10,6,6,Orange,Watch TV,Yes,Twice a week,Netflix,8,Mouse and Keyboard,2,0,2,Blue
9/10/2020 9:21:24,9,Male,0,A,47,10,PC,8,Other / No Affliation,Spotify,Brown,Movies,63,1,YouTube,960,Movies,7,3,8,6,6,8,9,yea,5,3,7,1,7,Video gaming,4.0 or more,167,10,Yes,Star Wars,No,10,3,4,Purple,Both,Yes,Four times a week,YouTube,5,Mouse and Keyboard,7,1,0,African or European?
9/10/2020 9:21:26,10,Female,1-2,N,2,10,Console,14,Democratic,Spotify,Brown,Movies,62,2,Netflix,900,TV Series,8,8,5,8,9,8,9,Sometimes / Maybe,1,80,2,1,4,Hanging out with Friends,3,100,1,Yes,I don't like any of them,No,5,6,12,Red,Watch TV,Yes,Four times a week,Netflix,5,Xbox Controller,9,2,1,Blue
9/10/2020 9:21:34,9,Male,5-6,B,100,5,Console,2,Other / No Affliation,Spotify,Hazel,Movies,53,3,Disney+,2,TV Series,5,4,3,2,1 (Poor Quality),9,9,yea,0,3,0,0,1,Video gaming,4.0 or more,1,1,Yes,Harry Potter,No,1,3,2,Blue,Watch TV,Yes,Once a week,YouTube,5,Xbox Controller,10,2,2,Blue
9/10/2020 9:21:40,12,Female,0,x,10,5,I don't have a preference,9,Democratic,Spotify,Green,Books,72,1,Netflix,9,TV Series,5,5,5,5,7,8,5,Sometimes / Maybe,4,4,7,1,10,Online interactions,3.5,90,10,No,Harry Potter,No,10,5,3,Grey,Read a book,Yes,Three times a week,Netflix,3,Other / None,1,0,1,"Blue... No, Red"
9/10/2020 9:21:41,9,Female,1-2,S,4,5,Console,5,Democratic,Spotify,Hazel,Movies,64,3,Netflix,6,TV Series,4,7,9,3,8,9,6,yea,4,8,5,1,9,Something Entertaining,3.5,200,8,Yes,Harry Potter,No,9,7,1,Grey,Watch TV,Yes,Once a week,Netflix,6,Xbox Controller,5,1,2,I don't know that
9/10/2020 9:21:50,11,Female,0,H,9,6,I don't have a preference,4,Independent,Apple Music,Green,Books,69,2,plex,100,TV Series,5,3,5,1 (Poor Quality),5,6,4,Sometimes / Maybe,4,5,7,1,7,Hanging out with Friends,4.0 or more,50,9,Yes,Harry Potter,No,10,4,4,White,Both,Yes,Once a week,YouTube,3,Other / None,8,1,2,"Blue... No, Red"
9/10/2020 9:21:52,10,Female,1-2,T,7,7,PC,12,Other / No Affliation,Spotify,Blue,Books,67,1,Netflix,240,Movies,9,8,8,7,9,10 (High Quality),10 (High Quality),Sometimes / Maybe,4,7,5,1,8,Learning/Productivity,3,120,9,Yes,Harry Potter,No,9,4,2,Purple,Read a book,No,Once a week,YouTube,3,Mouse and Keyboard,7,2,1,I don't know that
9/10/2020 9:22:00,9,Male,3-4,F,6,3,Console,8,Other / No Affliation,Pandora,Hazel,Movies,70,3,Netflix,840,TV Series,9,6,9,9,7,9,9,yea,0,15,5,1,7,Hanging out with Friends,3.5,100,8,Yes,Star Wars,No,7,2,6,Blue,Watch TV,Yes,Three times a week,Netflix,6,Xbox Controller,7,4,2,I don't know that
9/10/2020 9:22:02,11,Male,0,E,8,1,PC,12,Other / No Affliation,Spotify,Brown,Movies,70,1,Netflix,30,TV Series,2,2,4,2,7,7,5,yea,2,10,7,1,7,Nothing,4.0 or more,20,7,Yes,Harry Potter,No,8,8,2,Blue,Watch TV,No,Four times a week,YouTube,4,Mouse and Keyboard,1,0,0,African or European?
9/10/2020 9:22:03,9,Female,0,E,3,6,PC,11,Independent,Spotify,Brown,Books,64,1,Netflix,260,Movies,1 (Poor Quality),1 (Poor Quality),1 (Poor Quality),9,7,9,9,yea,4,25,5,1,7,Something Entertaining,3.5,45,8,Yes,Harry Potter,No,9,5,4,Purple,Both,Yes,Five times a week,YouTube,4,Mouse and Keyboard,9,1,0,African or European?
9/10/2020 9:22:05,12,Female,1-2,R,4,7,Console,5,Republican,Apple Music,Blue,Movies,67,3,Netflix,10,Movies,9,6,7,7,10 (High Quality),10 (High Quality),10 (High Quality),Sometimes / Maybe,3,7,3,1,8,Hanging out with Friends,4.0 or more,150,8,Yes,Twilight,Yes,9,3,3,Blue,Both,Yes,Three times a week,Netflix,4,Xbox Controller,10,2,1,I don't know that
9/10/2020 9:22:05,9,Male,0,A,20,2,PC,12,Democratic,Spotify,Brown,Books,64,2,YouTube,450,TV Series,5,5,8,5,5,9,6,yea,2,10,3,1,5,Learning/Productivity,4.0 or more,365,7,Yes,Harry Potter,No,7,1,4,Blue,Both,No,Once a week,YouTube,4,Mouse and Keyboard,8,1,2,I don't know that
9/10/2020 9:22:06,9,Female,1-2,C,7,8,Console,5,Democratic,Apple Music,Brown,Movies,66,4,Apple TV+,4,Movies,6,9,7,4,5,9,8,yea,4,8,2,1,3,Hanging out with Friends,3.5,75,5,Yes,Star Wars,No,6,3,2,Orange,Both,Yes,Once a week,Netflix,3,Xbox Controller,6,2,2,"Blue... No, Red"
9/10/2020 9:22:08,9,Male,3-4,C,18,2,Console,6,Other / No Affliation,Other / None,Brown,Movies,70,2,YouTube,840,TV Series,4,5,6,7,10 (High Quality),8,9,yea,2,900,4,1,8,Video gaming,3.5,10,7,Yes,Star Wars,Yes,8,4,2,Blue,Watch TV,Yes,Once a week,YouTube,5,Xbox Controller,5,1,1,I don't know that
9/10/2020 9:22:12,10,Female,0,j,10,5,Console,10,Other / No Affliation,Spotify,Brown,Books,65,2,Netflix,240,TV Series,6,8,10 (High Quality),5,7,10 (High Quality),10 (High Quality),no,0,0,7,1,9,Hanging out with Friends,4.0 or more,30,10,No,"Harry Potter, Star Wars",No,10,6,1,Orange,Both,Yes,Once a week,Netflix,6,Xbox Controller,4,2,2,African or European?
9/10/2020 9:22:20,10,Male,3-4,G,17,7,Console,6,Independent,Spotify,Brown,Movies,79,1,YouTube,250,Movies,7,8,8,8,7,7,8,Sometimes / Maybe,2,15,7,1,7,Online interactions,4.0 or more,286,10,Yes,Star Wars,Yes,10,5,1,Red,Both,Yes,Four times a week,YouTube,4,Xbox Controller,9,1,3,African or European?
9/10/2020 9:22:30,12,Male,1-2,K,100,10,Console,9,Republican,Other / None,Brown,Movies,69,0.1,YouTube,500,TV Series,7,6,8,8,9,10 (High Quality),10 (High Quality),yea,3,2,2,1,3,Hanging out with Friends,4.0 or more,90,3,No,Star Wars,No,3,2,2,Red,Watch TV,No,Six times a week,YouTube,3,Xbox Controller,3,1,0,African or European?
9/10/2020 9:22:34,9,Female,1-2,H,30,10,Console,8,Other / No Affliation,Pandora,Blue,Movies,68,2,Netflix,90,TV Series,6,1 (Poor Quality),8,6,8,10 (High Quality),8,Sometimes / Maybe,3,40,7,1,10,Video gaming,3.5,30,10,No,Star Wars,No,10,8,1,Blue,Watch TV,No,Four times a week,Netflix,5,Xbox Controller,4,1,1,I don't know that
9/10/2020 9:22:35,11,Male,0,s,8,7,Mobile,8,Democratic,Other / None,Brown,Movies,66,2,Netflix,70,TV Series,6,5,8,8,7,10 (High Quality),10 (High Quality),yea,5,40,6,1,7,Something Entertaining,3.5,200,8,Yes,Star Wars,No,8,5,2,Red,Watch TV,Yes,Twice a week,Netflix,5,Other / None,7,1,0,African or European?
9/10/2020 9:22:41,11,Female,0,H,3,5,Mobile,18,Democratic,Apple Music,Brown,Movies,64,1,YouTube,500,TV Series,4,4,4,4,4,4,4,yea,4,50,7,1,8,Online interactions,3,150,5,No,N/A,No,9,5,8,Purple,Watch TV,No,Three times a week,YouTube,4,Other / None,2,0,0,"Blue... No, Red"
9/10/2020 9:22:52,11,Male,1-2,x,12,7,Console,7,Other / No Affliation,Other / None,Brown,Movies,61,1,Hulu,120,TV Series,1 (Poor Quality),10 (High Quality),10 (High Quality),7,10 (High Quality),10 (High Quality),10 (High Quality),Sometimes / Maybe,1,18,0,0,1,Online interactions,3.5,180,1,No,Star Wars,No,6,2,4,Blue,Watch TV,Yes,Once a week,YouTube,4,Xbox Controller,8,0,1,Blue
9/10/2020 9:22:59,11,Female,0,œ,13,7,Console,15,Democratic,Spotify,Brown,Movies,63.6,1,YouTube,600,TV Series,7,7,8,7,8,9,8,Sometimes / Maybe,6,12,7,1,6,Something Entertaining,3.5,15,7,Yes,i don't know the entire plots of either,Yes,7,6,3,Pink,Watch TV,No,Twice a week,YouTube,3,Nintendo Switch controller,4,0,1,Blue
9/10/2020 9:23:01,9,Female,7+,f,9,8,I don't have a preference,4,Other / No Affliation,Apple Music,"a mix of green, blue, and brown",Movies,62,1,Netflix,28,TV Series,7,1 (Poor Quality),4,6,1 (Poor Quality),8,5,Sometimes / Maybe,4,30,7,1,8,Hanging out with Friends,3.5,36,7,Yes,none,Yes,8,2,4,Red,Watch TV,No,Twice a week,Netflix,4,Standard Logitech/ Playstation Controller,3,2,0,African or European?
9/10/2020 9:23:08,11,Female,1-2,A,13,4,I don't have a preference,8,Independent,Apple Music,Brown,Movies,56,1,Apple TV+,600,TV Series,4,10 (High Quality),9,3,9,9,9,yea,0,1,6,1,4,Something Entertaining,4.0 or more,365,5,Yes,Mamma Mia,Yes,4,5,1,Blue,Watch TV,Yes,Twice a week,None,3,Other / None,10,1,2,African or European?
9/10/2020 9:23:09,11,Other / Opt Out,0,Z,12,7,Console,9,Other / No Affliation,Other / None,Hazel,Books,62,2,YouTube,7,TV Series,7,7,7,5,7,9,8,yea,1,15,6,1,8,Something Entertaining,2.5,1,1,No,"Neither, don't like them ",No,6,4,2,Purple,Both,Yes,Three times a week,YouTube,6,Standard Logitech/ Playstation Controller,3,1,1,African or European?
9/10/2020 9:23:16,12,Female,0,e,7,3,Console,9,Other / No Affliation,Spotify,Hazel,Books,63,3,Netflix,180,TV Series,9,1 (Poor Quality),7,1 (Poor Quality),9,9,8,Sometimes / Maybe,2,4,6,1,8,Hanging out with Friends,4.0 or more,100,7,No,Harry Potter,No,10,4,2,Blue,Both,Yes,Once a week,Netflix,6,Nintendo Switch controller,4,0,2,African or European?
9/10/2020 9:23:17,9,Male,1-2,B,20,7,I don't have a preference,9,Independent,Spotify,Brown,Movies,61,0.0001,Disney+,30,TV Series,10 (High Quality),10 (High Quality),10 (High Quality),10 (High Quality),10 (High Quality),10 (High Quality),10 (High Quality),yea,4,2,5,1,7,Something Entertaining,4.0 or more,365,1,Yes,Harry Potter,No,7,7,2,Red,Both,No,Every single day of the week.,YouTube,3,Other / None,7,1,1,I don't know that
9/10/2020 9:23:22,10,Male,1-2,M,10,5,I don't have a preference,24,Republican,Spotify,Hazel,Movies,66,1,YouTube,5,TV Series,6,7,10 (High Quality),9,10 (High Quality),10 (High Quality),10 (High Quality),yea,2,5,2,1,6,Video gaming,3,365,5,Yes,Star Wars,Yes,7,3,3,Maroon,Watch TV,No,Once a week,YouTube,4,Xbox Controller,10,3,0,African or European?
9/10/2020 9:23:22,9,Female,1-2,M,2,7,Console,12,Republican,Spotify,Brown,Movies,62,4,Netflix,10,Movies,3,4,7,4,4,10 (High Quality),8,yea,2,12,7,1,10,Hanging out with Friends,3.5,2,9,Yes,Harry Potter,No,10,5,9,Grey,Watch TV,Yes,Every single day of the week.,Netflix,7,Xbox Controller,6,1,1,I don't know that
9/10/2020 9:23:25,10,Female,1-2,A,10,8,I don't have a preference,5,Other / No Affliation,Apple Music,Blue,Books,64,1,Netflix,4,TV Series,8,7,10 (High Quality),9,9,10 (High Quality),7,yea,3,5,4,1,6,Something Entertaining,4.0 or more,325,8,Yes,"Harry Potter, Star Wars",No,8,3,4,Blue,Both,Yes,Twice a week,Netflix,4,Other / None,7,3,2,I don't know that
9/10/2020 9:23:34,9,Female,1-2,z,3,6,Mobile,22,Democratic,Spotify,Brown,Books,65,3,Netflix,900,TV Series,9,9,9,9,9,10 (High Quality),9,yea,4,20,6,1,7,Something Entertaining,4.0 or more,200,10,Yes,Harry Potter,No,10,7,1,Purple,Watch TV,No,Twice a week,Netflix,5,Other / None,9,1,2,I don't know that
9/10/2020 9:23:43,12,Other / Opt Out,0,H,8,3,I don't have a preference,9,Other / No Affliation,Spotify,Hazel,Books,61,2,Netflix,999,TV Series,9,1 (Poor Quality),1 (Poor Quality),1 (Poor Quality),1 (Poor Quality),9,7,yea,2,60,7,1,7,Online interactions,4.0 or more,365,8,Yes,Harry Potter,No,7,6,2,Blue,Both,Yes,Three times a week,Netflix,3,Other / None,6,0,1,I don't know that
9/10/2020 9:24:05,9,Female,0,W,3,5,I don't have a preference,23,Other / No Affliation,Other / None,Grey,Movies,63.5,1,Netflix,30,TV Series,1 (Poor Quality),1 (Poor Quality),1 (Poor Quality),1 (Poor Quality),4,8,7,no,0,12,7,1,3,Watch tv,3.5,1,5,No,I dont watch them,No,4,3,12,Green,Watch TV,Yes,Once a week,Netflix,4,Xbox Controller,1,1,0,I don't know that
9/10/2020 9:24:07,11,Female,0,S,3,10,Mobile,10,Democratic,Spotify,Brown,Books,63,2,Netflix,840,TV Series,6,8,5,5,6,10 (High Quality),10 (High Quality),yea,4,60,1,1,2,Online interactions,4.0 or more,365,8,Yes,Harry Potter,No,4,4,6,White,Both,Yes,Every single day of the week.,Netflix,5,Xbox Controller,8,2,2,I don't know that
9/10/2020 9:24:28,9,Female,3-4,J,20,1,Console,8,Democratic,Other / None,Brown,Movies,64,1,Netflix,999,TV Series,1 (Poor Quality),1 (Poor Quality),5,1 (Poor Quality),9,10 (High Quality),10 (High Quality),no,4,50,2,1,5,Something Entertaining,4.0 or more,75,4,Yes,Star Wars,No,7,3,5,Black,Watch TV,Yes,Four times a week,Netflix,5,Standard Logitech/ Playstation Controller,9,4,3,"Blue... No, Red"
9/10/2020 9:24:41,9,Female,0,f,4,2,I don't have a preference,5,Democratic,Other / None,Brown,Books,60,2,Netflix,100,TV Series,1 (Poor Quality),1 (Poor Quality),1 (Poor Quality),1 (Poor Quality),7,9,9,yea,3,3,7,1,6,Hanging out with Friends,4.0 or more,40,7,Yes,Percy Jackson,No,7,4,1.5,Blue,Both,Yes,Four times a week,Netflix,5,Other / None,5,1,1,I don't know that
9/10/2020 9:24:42,9,Female,0,k,5,7,Console,5,Democratic,Spotify,Brown,Movies,65,2,Netflix,250,TV Series,8,1 (Poor Quality),9,1 (Poor Quality),1 (Poor Quality),10 (High Quality),9,Sometimes / Maybe,4,4,6,1,6,Something Entertaining,3.5,170,6,No,Star Wars,No,9,2,2,Blue,Watch TV,No,Three times a week,Netflix,5,Nintendo Switch controller,5,1,2,"Blue... No, Red"
9/10/2020 9:24:44,11,Male,1-2,R,18,2,Console,7,Democratic,Apple Music,Brown,Movies,70,1,Netflix,4,TV Series,2,2,7,6,2,9,8,Sometimes / Maybe,1,8,5,1,5,Video gaming,3,15,8,No,Star Wars,Yes,9,4,5,Red,Watch TV,Yes,Twice a week,Netflix,4,Xbox Controller,3,3,1,African or European?
9/10/2020 9:24:49,11,Female,1-2,B,7,5,Mobile,14,Democratic,Spotify,Blue,Books,65,4,Netflix,900,Movies,6,2,6,3,4,7,6,no,8,0,7,0,10,"sleeping, babysitting, cleaning",4.0 or more,2,4,Yes,"Harry Potter, twilight",No,5,8,1,Purple,Both,Yes,Once a week,Netflix,7,Xbox Controller,8,2,1,Blue
9/10/2020 9:25:02,10,Female,0,A,3,5,I don't have a preference,8,Democratic,Other / None,Hazel,Books,64,1,Netflix,120,TV Series,1 (Poor Quality),1 (Poor Quality),1 (Poor Quality),1 (Poor Quality),1 (Poor Quality),5,1 (Poor Quality),yea,0,1,4,1,7,Something Entertaining,4.0 or more,313,7,No,"Harry Potter, Star Wars",No,8,5,0.5,Black,Read a book,No,Once a week,Netflix,3,"Retro Nintendo Controller (Wii, Gamecube, Nes/Snes)",3,1,1,I don't know that
9/10/2020 9:25:04,9,Male,0,c,10,10,Console,10,Republican,Apple Music,Brown,Movies,66,2,YouTube,999,TV Series,4,4,7,5,7,8,8,Sometimes / Maybe,0,10,0,1,3,Video gaming,3.5,300,2,No,Star Wars,No,6,2,10,Grey,Watch TV,Yes,Twice a week,YouTube,3,Xbox Controller,5,1,1,I don't know that
9/10/2020 9:25:09,11,Female,0,H,14,10,PC,10,Other / No Affliation,Spotify,Brown,Books,62,1,HBO and Youtube,840,TV Series,1 (Poor Quality),1 (Poor Quality),1 (Poor Quality),6,1 (Poor Quality),1 (Poor Quality),9,Sometimes / Maybe,5,50,7,1,4,"Youtube, Gaming, drawing",3.5,365,8,Yes,Sailor Moon,No,7,3,5,Red,Both,No,Every single day of the week.,YouTube,3,Mouse and Keyboard,9,0,2,I don't know that
9/10/2020 9:25:21,11,Male,0,W,20,8,PC,6,Independent,Apple Music,Green,Books,73,1,YouTube,60,Movies,4,1 (Poor Quality),3,2,4,5,4,yea,2,4,2,1,8,Video gaming,3.5,365,3,Yes,Star Wars,No,5,3,8,Blue,Read a book,No,Once a week,YouTube,4,Mouse and Keyboard,8,3,0,African or European?
9/10/2020 9:25:23,12,Female,1-2,P,3,2,Mobile,6,Other / No Affliation,Other / None,Blue,Books,64,2,YouTube,120,TV Series,8,1 (Poor Quality),7,1 (Poor Quality),1 (Poor Quality),5,8,yea,2,2,6,1,3,Something Entertaining,3.5,365,1,Yes,none,No,2,0,8,Blue,Read a book,Yes,Once a week,YouTube,8,Other / None,10,2,0,I don't know that
9/10/2020 9:25:50,10,Other / Opt Out,0,W,10,10,Console,10,Independent,Spotify,Brown,Movies,63,3,Netflix,9,TV Series,1 (Poor Quality),1 (Poor Quality),1 (Poor Quality),9,9,6,6,no,4,18,5,1,8,Hanging out with Friends,2.5,2,8,Yes,Harry Potter,Yes,10,5,2,Red,Watch TV,Yes,Twice a week,YouTube,5,Xbox Controller,6,1,2,"Blue... No, Red"
9/10/2020 9:26:20,10,Male,5-6,A,10,5,Console,6,Republican,Spotify,Brown,Movies,70.8,3,Netflix,480,TV Series,4,8,6,3,8,10 (High Quality),9,yea,5,35,2,1,3,Video gaming,4.0 or more,50,6,Yes,Star Wars,Yes,8,5,3,Blue,Watch TV,Yes,Once a week,Netflix,6,Standard Logitech/ Playstation Controller,7,2,2,I don't know that
9/10/2020 9:26:22,11,Female,1-2,p,5,7,Console,10,Democratic,Spotify,Hazel,Movies,63,2,Hulu,200,TV Series,5,3,5,7,6,6,7,Sometimes / Maybe,3,20,7,1,8,Video gaming,3.5,70,10,No,Star Wars,No,10,6,3,Pink,Watch TV,No,Once a week,YouTube,5,Standard Logitech/ Playstation Controller,8,3,3,African or European?
9/10/2020 9:26:29,10,Male,1-2,T,0,4,Console,12,Republican,Pandora,Green,Movies,67,1,Hulu,600,TV Series,3,1 (Poor Quality),4,4,4,2,4,yea,3,7,2,1,5,Video gaming,3.5,0,5,Yes,Jurassic Park,Yes,10,2,6,Blue,Watch TV,Yes,Four times a week,YouTube,4,Xbox Controller,3,1,0,African or European?
9/10/2020 9:26:37,10,Male,0,J,8,7,Console,5,Other / No Affliation,Apple Music,Brown,Movies,68,3,Netflix,840,Movies,5,3,8,10 (High Quality),8,10 (High Quality),10 (High Quality),yea,6,30,1,1,3,Something Entertaining,3.5,365,1,Yes,Jurassic Park,No,6,4,6,Blue,Both,Yes,Twice a week,Netflix,3,Standard Logitech/ Playstation Controller,10,0,2,African or European?
9/10/2020 9:26:42,9,Male,0,X,30,7,Console,20,Independent,Other / None,Brown,Movies,66,0.1,YouTube,100,Movies,4,2,5,6,8,4,9,yea,1,46,7,1,10,"drawing, while listening to music or youtube videos",4.0 or more,345,10,No,"Star Wars, godzilla",No,10,12,1,Black,Both,Yes,Six times a week,YouTube,3,Xbox Controller,5,1,1,I don't know that
9/10/2020 9:26:43,12,Male,0,S,6,6,PC,20,Republican,Spotify,Blue,Movies,66,2,YouTube,200,Movies,6,1 (Poor Quality),8,1 (Poor Quality),7,5,7,Sometimes / Maybe,1,35,1,0,7,Video gaming,4.0 or more,200,2,Yes,Star Wars,No,3,3,8,Blue,Watch TV,No,Twice a week,YouTube,5,Mouse and Keyboard,5,1,1,African or European?
9/10/2020 9:26:50,9,Male,0,E,3,6,PC,10,Other / No Affliation,Spotify,Brown,Movies,,1,Netflix,0,TV Series,1 (Poor Quality),3,7,8,8,9,10 (High Quality),yea,0,0,5,1,10,Video gaming,3,8,7,Yes,Star Wars,Yes,10,8,3,Blue,Watch TV,No,Every single day of the week.,YouTube,4,Mouse and Keyboard,7,3,0,I don't know that
9/10/2020 9:26:57,11,Male,3-4,B,40,2,Console,12,Other / No Affliation,Spotify,Brown,Movies,69,2,Netflix,987,TV Series,6,3,10 (High Quality),5,6,10 (High Quality),9,yea,4,25,5,1,6,Hanging out with Friends,4.0 or more,200,7,Yes,Harry Potter,No,7,3,12,Blue,Watch TV,Yes,Twice a week,YouTube,6,Standard Logitech/ Playstation Controller,8,3,3,"Blue... No, Red"
9/10/2020 9:27:00,11,Male,0,C,4,3,PC,8,Republican,Other / None,Green,Movies,76,1,YouTube,80,TV Series,6,5,7,6,4,7,9,no,4,50,2,0,4,Hanging out with Friends,3.5,40,8,Yes,Star Wars,No,6,4,2,Purple,Watch TV,Yes,Once a week,YouTube,1,Mouse and Keyboard,7,0,0,African or European?
9/10/2020 9:27:04,11,Male,1-2,A,40,5,Console,6,Republican,Spotify,Blue,Movies,70,1,Amazon Prime Video,999,TV Series,7,7,8,6,7,7,7,yea,2,20,2,1,6,Something Entertaining,4.0 or more,150,7,Yes,Star Wars,No,7,3,5,Blue,Watch TV,Yes,Twice a week,YouTube,4,Standard Logitech/ Playstation Controller,6,2,0,"Blue... No, Red"
9/10/2020 9:27:34,9,Female,1-2,R,7,5,Console,7,Democratic,Apple Music,Blue,Movies,65,1,Disney+,6,Movies,5,10 (High Quality),10 (High Quality),4,5,10 (High Quality),9,Sometimes / Maybe,6,10,7,1,7,Video gaming,3.5,80,7,No,Harry Potter,No,8,4,1,Blue,Watch TV,No,Three times a week,Netflix,3,Xbox Controller,5,3,2,Blue
9/10/2020 9:27:37,9,Male,1-2,P,9,1,Console,3,Other / No Affliation,Other / None,Brown,Movies,63,3,YouTube,360,Movies,3,3,5,1 (Poor Quality),1 (Poor Quality),8,10 (High Quality),yea,3,5,5,1,10,Video gaming,3.5,6,9,Yes,idk,Yes,10,5,5,Blue,Watch TV,Yes,Once a week,YouTube,7,Standard Logitech/ Playstation Controller,7,4,1,African or European?
9/10/2020 9:28:10,9,Male,0,A,5,6,Console,8,Democratic,Other / None,Brown,Movies,64,2,YouTube,106,Movies,1 (Poor Quality),1 (Poor Quality),1 (Poor Quality),1 (Poor Quality),7,9,8,yea,0,6,2,1,4,Video gaming,3.5,365,3,Yes,"Harry Potter, Star Wars, Jurassic Park series and The Hobbit series",Yes,5,2,4,Red,Watch TV,No,Four times a week,YouTube,6,"Retro Nintendo Controller (Wii, Gamecube, Nes/Snes)",8,1,1,I don't know that
9/10/2020 9:28:13,10,Female,0,W,4,7,I don't have a preference,12,Other / No Affliation,Apple Music,Brown,Books,63,2,YouTube,650,Movies,4,5,5,6,6,8,10 (High Quality),yea,1,4,6,1,9,Something Entertaining,3.5,23,7,Yes,Harry Potter,No,9,4,2,Blue,Both,Yes,Twice a week,YouTube,5,Other / None,7,1,1,I don't know that
9/10/2020 9:28:34,11,Female,1-2,A,7,7,Console,7,Independent,Apple Music,Blue,Movies,65,1,Disney+,700,TV Series,7,8,8,7,7,8,6,Sometimes / Maybe,2,30,7,1,5,Something Entertaining,4.0 or more,50,7,Yes,Star Wars,No,7,4,5,Pink,Watch TV,No,Every single day of the week.,Netflix,3,Xbox Controller,5,1,1,African or European?
9/10/2020 9:29:23,10,Male,1-2,X,63,10,Mobile,14,Other / No Affliation,Spotify,Brown,Movies,63,13,Hulu,999,TV Series,8,10 (High Quality),10 (High Quality),9,8,10 (High Quality),7,Sometimes / Maybe,6,17,7,1,4,Something Entertaining,4.0 or more,125,10,Yes,Harry Potter,No,9,6,18,Black,Watch TV,Yes,Every single day of the week.,Hulu,7,Other / None,8,2,3,African or European?
9/10/2020 9:29:47,10,Female,1-2,R,4,3,I don't have a preference,15,Democratic,Spotify,Hazel,Movies,62,1,YouTube,45,TV Series,6,5,8,4,9,9,7,Sometimes / Maybe,1,45,4,1,5,Something Entertaining,4.0 or more,7,8,Yes,Harry Potter,No,7,7,1,Maroon,Watch TV,Yes,Once a week,YouTube,4,Xbox Controller,3,2,2,"Blue... No, Red"
9/10/2020 9:29:53,10,Female,0,M,23,10,I don't have a preference,16,Other / No Affliation,Spotify,Brown,Books,62.5,1,YouTube,4,TV Series,8,8,8,8,8,9,9,yea,1,10,5,1,8,Learning/Productivity,3.5,275,9,Yes,My Hero Academia,No,9,8,1,Purple,Both,Yes,Once a week,YouTube,3,"Retro Nintendo Controller (Wii, Gamecube, Nes/Snes)",7,1,2,I don't know that
9/10/2020 9:29:57,10,Male,1-2,S,6,2,PC,4,Independent,Spotify,Hazel,Books,66,3,YouTube,100,TV Series,1 (Poor Quality),1 (Poor Quality),1 (Poor Quality),1 (Poor Quality),8,7,10 (High Quality),yea,1,38,1,1,2,Video gaming,4.0 or more,150,1,Yes,Haven't watched/read either.,No,2,9,4,Black,Both,Yes,Once a week,YouTube,4,Xbox Controller,10,1,3,I don't know that
9/10/2020 9:30:12,10,Female,1-2,E,7,6,Mobile,7,Other / No Affliation,Spotify,Brown,Books,66,1,Netflix,480,TV Series,7,1 (Poor Quality),8,4,6,7,3,Sometimes / Maybe,1,13,6,1,7,Something Entertaining,3,5,8,No,Star Wars,No,10,7,4,Purple,Read a book,No,Once a week,None,2,"Retro Nintendo Controller (Wii, Gamecube, Nes/Snes)",4,2,1,"Blue... No, Red"
9/10/2020 9:31:11,10,Female,0,A,15,7,I don't have a preference,8,Democratic,Spotify,Brown,Movies,61,1,YouTube,840,Movies,2,2,4,3,3,4,4,yea,3,10,6,1,9,Something Entertaining,3.5,84,8,Yes,Harry Potter,No,10,5,2,Grey,Watch TV,Yes,Twice a week,YouTube,4,Other / None,6,1,2,"Blue... No, Red"
9/10/2020 9:31:41,10,Female,1-2,w,3,3,I don't have a preference,8,Other / No Affliation,Spotify,Hazel,Movies,66,2,Netflix,140,TV Series,3,6,9,6,7,7,5,yea,3,18,7,1,7,Something Entertaining,4.0 or more,42,9,Yes,Star Wars,Yes,8,5,3,Blue,Watch TV,Yes,Twice a week,Netflix,4,"Retro Nintendo Controller (Wii, Gamecube, Nes/Snes)",8,2,3,"Blue... No, Red"
9/10/2020 9:32:10,12,Female,0,T,3,8,I don't have a preference,8,Democratic,Other / None,Green,Books,62,6,Netflix,10,Movies,6,1 (Poor Quality),7,1 (Poor Quality),7,7,6,no,3,21,7,1,8,Something Entertaining,3.5,200,8,Yes,Harry Potter,No,8,6,2,Green,Both,Yes,Once a week,Netflix,7,Other / None,6,0,1,Blue
9/10/2020 9:32:19,10,Female,0,J,3,7,I don't have a preference,3,Other / No Affliation,Spotify,Brown,Movies,62,2,YouTube,3,TV Series,7,7,7,7,7,7,7,Sometimes / Maybe,2,3,7,1,8,my hobbies,3.5,0,8,Yes,Harry Potter,Yes,9,6,3,Blue,Both,No,Twice a week,YouTube,4,Other / None,7,1,1,I don't know that
9/10/2020 9:32:27,9,Female,1-2,S,33,10,Console,3,Democratic,Spotify,Brown,Movies,64,1,Netflix,4,TV Series,3,2,7,6,9,10 (High Quality),8,yea,5,6,5,1,4,Hanging out with Friends,2.5,2,5,Yes,Star Wars,No,8,4,5,Blue,Watch TV,No,Twice a week,Netflix,4,Nintendo Switch controller,8,2,1,I don't know that
9/10/2020 9:32:50,9,Female,0,A,1,7,I don't have a preference,9,Other / No Affliation,Spotify,Brown,Movies,64,1,YouTube,5,TV Series,8,8,8,8,8,8,8,yea,2,5,5,0,5,Nothing,3,0,7,No,Attack on Titan,No,5,4,1,Blue,Watch TV,No,Once a week,YouTube,4,Xbox Controller,1,1,2,I don't know that
9/10/2020 9:38:08,9,Male,0,J,10,6,Console,8,Other / No Affliation,Other / None,Brown,Movies,64,2,YouTube,300,Movies,1 (Poor Quality),1 (Poor Quality),1 (Poor Quality),1 (Poor Quality),7,8,9,Sometimes / Maybe,2,30,2,1,6,Video gaming,3.5,180,3,No,Star Wars,No,7,5,2,Red,Watch TV,No,Twice a week,YouTube,4,Xbox Controller,3,1,0,I don't know that
9/10/2020 9:41:17,10,Male,1-2,f,4,6,I don't have a preference,6,Other / No Affliation,Spotify,Brown,Movies,69,3,YouTube,220,TV Series,8,5,9,1 (Poor Quality),1 (Poor Quality),9,9,yea,1,10,7,1,5,drawing,3.5,30,8,Yes,Star Wars,No,9,5,1,Purple,Both,Yes,Once a week,YouTube,6,Xbox Controller,7,2,1,African or European?
9/10/2020 9:42:46,11,Male,1-2,M,10,4,Console,6,Other / No Affliation,Spotify,Brown,Movies,62,2,YouTube,780,Movies,1 (Poor Quality),1 (Poor Quality),10 (High Quality),1 (Poor Quality),10 (High Quality),7,10 (High Quality),yea,1,4,7,1,7,Something Entertaining,4.0 or more,10,6,Yes,Marvel,No,9,4,2,Blue,Watch TV,Yes,Four times a week,YouTube,5,Xbox Controller,6,1,1,I don't know that
9/10/2020 9:43:17,9,Male,1-2,M,8,8,Console,4,Other / No Affliation,Other / None,Brown,Movies,68,4,YouTube,6,TV Series,4,4,5,3,6,9,8,Sometimes / Maybe,5,8,0,0,2,Video gaming,3,17,7,Yes,Star Wars,Yes,6,4,3,Blue,Watch TV,Yes,Three times a week,YouTube,7,Xbox Controller,8,3,0,I don't know that
9/10/2020 9:46:34,10,Male,0,t,4,7,PC,9,Other / No Affliation,Other / None,Blue,Movies,67,3,Netflix,300,TV Series,5,1 (Poor Quality),5,5,7,8,1 (Poor Quality),Sometimes / Maybe,3,12,6,1,6,Online interactions,4.0 or more,0,5,No,Harry Potter,No,5,2,5,Black,Watch TV,Yes,Once a week,Netflix,6,Mouse and Keyboard,3,1,0,African or European?
9/10/2020 9:49:15,10,Female,0,R,8,5,Console,15,Independent,Spotify,Blue,Books,65,3,Netflix,600,TV Series,3,1 (Poor Quality),9,6,8,10 (High Quality),2,Sometimes / Maybe,3,84,7,1,8,I have no free time and when I have time away from school I have house work and siblings,4.0 or more,90,10,Yes,"Star Wars, hunger games",No,9,16,1,Purple,Both,No,Twice a week,Netflix,6,Xbox Controller,8,1,3,"Blue... No, Red"
9/10/2020 9:53:35,11,Male,1-2,D,4,10,PC,7,Other / No Affliation,Other / None,Hazel,Movies,71,2,YouTube,120,Movies,4,7,9,8,8,8,8,yea,4,20,5,1,7,Hanging out with Friends,3.5,5,7,No,Star Wars,No,10,1,1,Blue,Watch TV,Yes,Once a week,YouTube,4,Mouse and Keyboard,10,1,2,I don't know that
9/10/2020 9:54:15,10,Male,0,J,4,4,PC,8,Republican,Other / None,Brown,Movies,67,2,Netflix,120,TV Series,4,3,6,2,6,9,10 (High Quality),Sometimes / Maybe,5,12,6,1,4,Video gaming,3.5,165,2,Yes,Star Wars,No,6,1,6,Red,Watch TV,No,Twice a week,YouTube,5,Mouse and Keyboard,5,1,1,African or European?
9/10/2020 9:57:15,9,Female,1-2,J,7,8,Console,7,Republican,Apple Music,Brown,Books,63,2,Netflix,180,TV Series,3,1 (Poor Quality),6,1 (Poor Quality),7,9,9,Sometimes / Maybe,0,45,5,1,7,Video gaming,4.0 or more,200,7,Yes,Star Wars,Yes,7,6,3,Green,Both,Yes,Once a week,YouTube,5,Xbox Controller,8,1,1,"Blue... No, Red"
9/10/2020 9:58:34,10,Male,0,F,8,9,PC,12,Democratic,Other / None,Blue and green,Books,64,1,YouTube,120,Movies,5,5,6,8,8,8,9,no,2,7,5,1,7,Video gaming,3,50,9,Yes,I don watch tv whatsoever...,Yes,8,6,1,Blue,Read a book,Yes,Five times a week,YouTube,5,Mouse and Keyboard,6,1,2,African or European?
9/10/2020 9:58:42,11,Male,1-2,S,6,5,PC,8,Other / No Affliation,Other / None,Brown,Books,69,1,YouTube,700,TV Series,2,5,5,5,8,7,7,yea,2,7,3,1,7,Something Entertaining,3.5,250,6,No,Star Wars,No,10,3,3,Orange,Watch TV,Yes,Once a week,YouTube,3,Standard Logitech/ Playstation Controller,7,0,0,Blue
9/10/2020 9:59:46,10,Male,0,T,4,6,PC,8,Other / No Affliation,Spotify,Brown,Books,68,2,Netflix,12,TV Series,7,1 (Poor Quality),7,1 (Poor Quality),6,9,8,Sometimes / Maybe,3,6,7,1,8,Video gaming,3,2,7,No,Harry Potter,No,7,4,3,Red,Watch TV,Yes,Once a week,Netflix,6,Mouse and Keyboard,3,2,2,African or European?
9/10/2020 10:00:42,9,Female,0,y,2,8,Console,9,Democratic,Spotify,Brown,Books,63,11,Netflix,840,TV Series,3,6,8,5,10 (High Quality),10 (High Quality),10 (High Quality),yea,2,280,6,1,6,Drawing and watching shows.,3,200,8,Yes,Voltron,No,10,4,2,Blue,Read a book,Yes,Once a week,Hulu,6,Standard Logitech/ Playstation Controller,7,0,1,"Blue... No, Red"
9/10/2020 10:01:05,10,Male,1-2,j,4,7,Console,5,Other / No Affliation,Other / None,Brown,Movies,67.2,3,YouTube,420,TV Series,1 (Poor Quality),1 (Poor Quality),5,1 (Poor Quality),9,9,8,Sometimes / Maybe,3,8,5,1,7,Video gaming,3.5,0,4,Yes,Star Wars,No,7,8,2,Blue,Watch TV,No,Twice a week,YouTube,6,Standard Logitech/ Playstation Controller,7,0,1,African or European?
9/10/2020 10:01:36,9,Female,0,N,8,5,I don't have a preference,3,Republican,Spotify,Brown,Movies,60,3,Disney+,60,TV Series,1 (Poor Quality),4,8,5,6,10 (High Quality),10 (High Quality),Sometimes / Maybe,2,3,1,1,2,Hanging out with Friends,4.0 or more,10,4,Yes,Harry Potter,No,4,4,3,Pink,Watch TV,No,Once a week,YouTube,6,Other / None,6,2,2,I don't know that
9/10/2020 10:04:19,9,Male,1-2,e,10,9,Console,4,Republican,Spotify,Brown,Movies,67,1,Netflix,200,TV Series,9,7,7,7,7,10 (High Quality),10 (High Quality),yea,2,5,1,1,7,Hanging out with Friends,3.5,5,8,Yes,"Harry Potter, Star Wars",Yes,9,4,2,White,Watch TV,Yes,Once a week,YouTube,4,Standard Logitech/ Playstation Controller,7,1,1,African or European?
9/10/2020 10:04:47,9,Male,1-2,D,15,10,Console,8,Other / No Affliation,Spotify,Brown,Movies,64,3,Netflix,21,TV Series,1 (Poor Quality),1 (Poor Quality),10 (High Quality),1 (Poor Quality),9,10 (High Quality),9,Sometimes / Maybe,3,21,2.5,1,7,Play soccer or play video games.,4.0 or more,310,3,No,Star Wars,Yes,8,3,6,Blue,Watch TV,Yes,Twice a week,Netflix,6,Standard Logitech/ Playstation Controller,6,1,0,"Blue... No, Red"
9/10/2020 10:07:56,9,Male,0,Y,3,6,PC,8,Independent,Spotify,Brown,Books,69,1,YouTube,120,TV Series,1 (Poor Quality),1 (Poor Quality),2,1 (Poor Quality),2,4,5,yea,1,0,1,0,9,Learning/Productivity,4.0 or more,365,10,Yes,"Harry Potter (canon) is trash, and the Disney version of Star wars is trash.",No,4,2,0,Black,Read a book,Yes,Once a week,YouTube,6,Mouse and Keyboard,8,2,3,African or European?
9/10/2020 10:09:01,9,Female,0,a,7,3,Mobile,15,Other / No Affliation,Apple Music,Brown,Movies,61.02,2,Hulu,840,TV Series,2,1 (Poor Quality),3,3,8,8,6,Sometimes / Maybe,0,14,4,1,8,Something Entertaining,3.5,45,7,No,Anime,No,9,7,3,Maroon,Watch TV,Yes,Twice a week,Hulu,5,Other / None,4,1,2,I don't know that
9/10/2020 10:10:31,9,Female,0,Z,5,9,Console,9,Other / No Affliation,Other / None,Brown,Books,65,2,YouTube,360,TV Series,4,1 (Poor Quality),1 (Poor Quality),1 (Poor Quality),7,7,8,yea,2,16,4,0,7,Video gaming,3.5,90,7,No,Star Wars,No,7,3,4,Purple,Both,No,Twice a week,YouTube,3,Standard Logitech/ Playstation Controller,6,1,0,"Blue... No, Red"
9/10/2020 10:21:37,10,Female,1-2,N,8,8,Console,12,Republican,Pandora,Brown,Movies,68,1,YouTube,300,Movies,5,10 (High Quality),8,8,3,10 (High Quality),9,yea,2,10,6,1,7,basketball and training,3.5,315,8,Yes,Star Wars,No,9,6,1,Green,Both,Yes,Once a week,YouTube,4,Xbox Controller,8,3,1,"Blue... No, Red"
9/10/2020 10:25:07,11,Male,1-2,G,8,7,Console,7,Other / No Affliation,Apple Music,Hazel,Movies,68,7,Netflix,0,TV Series,4,6,5,3,3,9,9,Sometimes / Maybe,6,20,5,1,6,Something Entertaining,3.5,10,4,Yes,Harry Potter,No,6,3,2,Grey,Watch TV,Yes,Once a week,Netflix,6,Xbox Controller,7,2,2,African or European?
9/10/2020 10:30:42,10,Female,1-2,b,30,5,I don't have a preference,8,Independent,Spotify,Brown,Books,62,3,Netflix,100,TV Series,10 (High Quality),5,10 (High Quality),10 (High Quality),5,10 (High Quality),10 (High Quality),yea,3,100,7,1,10,Learning/Productivity,4.0 or more,300,10,Yes,I don't really like either,No,10,3,2,Pink,Both,Yes,Once a week,Netflix,6,Mobile controls,8,1,3,African or European?
9/10/2020 10:36:34,10,Male,3-4,A,8,7,Console,5,Democratic,Other / None,Brown,Movies,66,2,Disney+,420,Movies,10 (High Quality),10 (High Quality),10 (High Quality),5,5,10 (High Quality),10 (High Quality),Sometimes / Maybe,1,10,5,1,8,Something Entertaining,3,100,10,Yes,Star Wars,Yes,10,7,2,Blue,Watch TV,Yes,Twice a week,YouTube,6,Xbox Controller,10,1,1,I don't know that
9/10/2020 10:45:49,11,Male,0,C,12,3,Console,8,Democratic,Apple Music,Brown,Movies,68,1,HBO,420,Movies,6,4,9,10 (High Quality),6,8,10 (High Quality),yea,6,22,2,1,3,Online interactions,4.0 or more,244,5,Yes,Star Wars,No,6,5,3,Purple,Watch TV,Yes,Five times a week,YouTube,3,Xbox Controller,9,0,2,African or European?
9/10/2020 10:46:13,9,Male,1-2,O,6,6,PC,9,Other / No Affliation,Spotify,Brown,Movies,66,2,Amazon Prime Video,420,Movies,9,1 (Poor Quality),10 (High Quality),5,6,7,10 (High Quality),yea,0,245,2,1,7,Something Entertaining,3.5,290,10,Yes,Star Wars,Yes,9,3,8,Orange,Watch TV,Yes,Four times a week,YouTube,4,Mouse and Keyboard,8,1,2,African or European?
9/10/2020 10:54:06,9,Female,0,q,7,2,Mobile,10,Democratic,Spotify,Brown,Movies,63,3,Amazon Prime Video,100,Movies,8,2,8,5,6,7,8,yea,5,35,5,1,8,Something Entertaining,3,30,9,No,jurassic world,No,9,4,3,Orange,Both,Yes,Once a week,Netflix,3,Mouse and Keyboard,3,1,1,I don't know that
9/10/2020 10:54:14,11,Female,0,ö,9,3,Mobile,12,Other / No Affliation,Apple Music,Brown,Books,61.5,1,YouTube,210,TV Series,5,5,5,5,5,7,7,Sometimes / Maybe,2,24,7,1,6,d r a w and watch YouTube,4.0 or more,20,5,Yes,Mob Psycho 100 because I'm not that big a fan of the other 2,Yes,8,6,3,Blue,Both,Yes,Once a week,YouTube,4,Mobile controls,6,1,2,"Blue... No, Red"
9/10/2020 11:08:30,10,Female,0,e,5,7,I don't have a preference,12,Other / No Affliation,Spotify,Brown,Movies,63,5,HBO,200,Movies,1 (Poor Quality),1 (Poor Quality),1 (Poor Quality),10 (High Quality),1 (Poor Quality),10 (High Quality),1 (Poor Quality),Sometimes / Maybe,6,7,7,1,7,Something Entertaining,4.0 or more,7,8,No,Harry Potter,No,8,4,2,Grey,Watch TV,No,Every single day of the week.,None,3,Other / None,3,1,3,I don't know that
9/10/2020 11:16:29,12,Male,1-2,G,8,7,Console,7,Other / No Affliation,Apple Music,Blue,Movies,66,2,YouTube,740,Movies,9,9,9,9,9,9,9,yea,2,4,0,0,1,Video gaming,4.0 or more,250,1,Yes,Star Wars,No,1,2,4,Blue,Watch TV,Yes,Once a week,YouTube,2,Xbox Controller,7,2,0,I don't know that
9/10/2020 11:24:55,11,Male,3-4,L,11,7,Console,8,Other / No Affliation,Other / None,Blue,Movies,70,4,YouTube,0,Movies,5,3,3,5,5,9,7,Sometimes / Maybe,7,91,6,1,8,Video gaming,3,68,7,No,Star Wars,No,8,2,6,Blue,Watch TV,No,Twice a week,YouTube,4,"Retro Nintendo Controller (Wii, Gamecube, Nes/Snes)",8,2,1,I don't know that
9/10/2020 11:30:35,12,Male,1-2,L,21,10,Console,9,Other / No Affliation,Apple Music,Green,Movies,69,1,Netflix,420,Movies,1 (Poor Quality),1 (Poor Quality),1 (Poor Quality),1 (Poor Quality),1 (Poor Quality),10 (High Quality),10 (High Quality),yea,2,20,0,0,1,Video gaming,3.5,300,1,Yes,Harry Potter,No,1,3,3,Blue,Watch TV,No,Once a week,YouTube,3,Xbox Controller,6,5,0,African or European?
9/10/2020 12:20:03,11,Female,1-2,L,7,7,I don't have a preference,7,Republican,Spotify,Blue,Movies,64,4,YouTube,218,TV Series,7,7,8,6,7,9,7,yea,3,12,3,1,7,Something Entertaining,4.0 or more,70,6,Yes,Star Wars,No,8,5,2,Blue,Watch TV,Yes,Twice a week,YouTube,6,Nintendo Switch controller,6,2,1,I don't know that
9/10/2020 12:23:56,12,Female,0,Z,5,7,Console,8,Other / No Affliation,Other / None,Brown,Books,65,1,YouTube,300,TV Series,4,1 (Poor Quality),8,4,7,6,8,Sometimes / Maybe,3,5,3,1,6,Learning/Productivity,4.0 or more,90,7,Yes,Harry Potter,No,6,3,5,Purple,Read a book,No,Three times a week,YouTube,12,Xbox Controller,6,1,0,I don't know that
9/10/2020 12:30:35,12,Female,1-2,Z,12,4,Console,7,Other / No Affliation,Spotify,Brown,Books,62,2,Netflix,180,TV Series,7,7,7,6,6,8,8,yea,4,5,5,1,9,Video gaming,3.5,5,8,Yes,Star Wars,No,7,2,5,Blue,Both,Yes,Twice a week,Netflix,5,Standard Logitech/ Playstation Controller,8,1,2,I don't know that
9/10/2020 12:34:24,12,Male,1-2,K,6,7,Console,8,Republican,Other / None,Blue,Movies,71,4,Netflix,60,Movies,6,1 (Poor Quality),1 (Poor Quality),1 (Poor Quality),1 (Poor Quality),9,5,yea,2,30,0,0,4,Hanging out with Friends,4.0 or more,365,3,Yes,Star Wars,Yes,5,0,24,Red,Watch TV,Yes,Three times a week,YouTube,4,Xbox Controller,8,1,0,"Blue... No, Red"
9/10/2020 12:35:23,12,Male,1-2,K,5,2,Console,8,Other / No Affliation,Apple Music,Blue,Movies,72,1,YouTube,600,TV Series,1 (Poor Quality),1 (Poor Quality),10 (High Quality),1 (Poor Quality),1 (Poor Quality),10 (High Quality),10 (High Quality),yea,0,25,7,1,7,Hanging out with Friends,4.0 or more,320,5,Yes,Star Wars,Yes,8,3,2,Maroon,Read a book,Yes,Once a week,YouTube,4,Xbox Controller,10,1,3,African or European?
9/10/2020 13:00:48,9,Male,1-2,g,10,10,Console,8,Other / No Affliation,Other / None,Brown,Movies,68,4,YouTube,6,TV Series,9,5,9,5,5,5,9,yea,0,3,0,1,4,Video gaming,4.0 or more,60,3,No,Star Wars,No,2,3,3,Blue,Watch TV,Yes,Three times a week,YouTube,7,Xbox Controller,4,1,1,Blue
9/10/2020 13:10:07,10,Female,0,X,7,7,I don't have a preference,8,Republican,Spotify,Brown,Books,63,1,Netflix,18,TV Series,8,8,8,7,7,7,7,Sometimes / Maybe,3,5,7,1,8,Hanging out with Friends,3,200,7,Yes,Harry Potter,No,10,4,3,Black,Both,Yes,Three times a week,Netflix,4,Mobile controls,6,1,2,"Blue... No, Red"
9/10/2020 13:18:16,10,Other / Opt Out,0,A,8,4,I don't have a preference,7,Republican,Other / None,Brown,Books,60,2,YouTube,500,TV Series,5,5,5,5,5,8,7,yea,1,30,7,1,7,"learning/productivity, something entertaining, hanging out with friends ",4.0 or more,18,9,Yes,Star Wars,No,9,5,2,Maroon,Both,No,Once a week,YouTube,6,Other / None,8,1,3,"Blue... No, Red"
9/10/2020 13:24:55,12,Male,1-2,j,3,4,Console,5,Other / No Affliation,Spotify,Green,Movies,67,5,Hulu,100,TV Series,8,8,8,8,8,8,8,yea,1,8,3,1,6,Learning/Productivity,4.0 or more,50,5,No,Star Wars,No,5,2,1,Green,Watch TV,No,Twice a week,YouTube,4,Standard Logitech/ Playstation Controller,7,0,2,Blue
9/10/2020 13:58:27,9,Female,3-4,I,7,7,Mobile,13,Other / No Affliation,Spotify,Brown,Movies,64,5,Netflix,6,Movies,8,2,10 (High Quality),7,6,9,3,yea,1,6,7,1,10,Hanging out with Friends,3.5,300,10,Yes,Harry Potter,Yes,10,6,3,Blue,Both,Yes,Three times a week,Netflix,6,Other / None,9,2,3,I don't know that
9/10/2020 14:09:50,12,Female,1-2,T,14,6,PC,6,Democratic,Spotify,Hazel,Movies,65,2,Netflix,420,Movies,7,5,6,7,6,7,7,Sometimes / Maybe,4,20,5,1,6,Hanging out with Friends,4.0 or more,210,6,Yes,Harry Potter,No,8,5,1,Pink,Both,Yes,Three times a week,Netflix,5,Mouse and Keyboard,5,1,2,"Blue... No, Red"
9/10/2020 14:10:31,12,Female,1-2,C,10,3,PC,8,Independent,Spotify,Brown,Books,64,1,HBO,60,TV Series,10 (High Quality),10 (High Quality),10 (High Quality),10 (High Quality),10 (High Quality),10 (High Quality),10 (High Quality),yea,5,55,7,1,8,Hanging out with Friends,4.0 or more,250,6,Yes,Harry Potter,No,8,4,1,Green,Watch TV,Yes,Four times a week,YouTube,3,Mouse and Keyboard,9,4,0,"Blue... No, Red"
9/10/2020 14:16:18,11,Female,0,T,7,7,Console,6,Other / No Affliation,Spotify,Brown,Books,64,1,Netflix,840,TV Series,5,5,9,9,7,9,7,yea,3,30,1,1,2,Something Entertaining,3.5,15,8,Yes,Harry Potter,Yes,2,2,6,Black,Read a book,Yes,Once a week,Netflix,4,Xbox Controller,1,0,2,I don't know that
9/10/2020 14:17:39,9,Female,1-2,J,4,8,Console,4,Other / No Affliation,Spotify,Brown,Movies,63,1,Netflix,12,TV Series,5,6,8,5,5,9,8,yea,6,15,5,1,6,Online interactions,3.5,150,8,Yes,Star Wars,No,9,3,5,Blue,Watch TV,Yes,Twice a week,YouTube,4,Xbox Controller,8,1,2,Blue
9/10/2020 14:51:34,10,Female,0,t,5,2,I don't have a preference,15,Other / No Affliation,Apple Music,Brown,Books,61,2,Netflix,15,Movies,1 (Poor Quality),1 (Poor Quality),2,9,10 (High Quality),10 (High Quality),9,yea,1,25,6,1,7,Nothing,4.0 or more,2,5,No,Harry Potter,No,10,8,1,Black,Both,No,Five times a week,YouTube,5,Other / None,2,1,1,I don't know that
9/10/2020 14:53:35,10,Other / Opt Out,1-2,K,8,7,PC,12,Other / No Affliation,Spotify,Hazel,Books,68.4,14,Netflix,999,Movies,1 (Poor Quality),1 (Poor Quality),6,1 (Poor Quality),8,8,7,Sometimes / Maybe,4,30,7,1,7,Online interactions,3,30,10,Yes,Harry Potter,No,8,7,4,Green,Both,No,Twice a week,Netflix,10,Nintendo Switch controller,6,4,0,I don't know that
9/10/2020 15:17:09,11,Female,0,d,20,5,I don't have a preference,10,Independent,Spotify,Blue,Movies,62,1,Netflix,0,TV Series,9,9,9,9,8,9,8,no,4,12,7,1,7,Hanging out with Friends,4.0 or more,7,7,Yes,Harry Potter,No,8,3,4,Green,Both,Yes,Every single day of the week.,Netflix,2,Other / None,7,1,2,I don't know that
9/10/2020 15:42:01,11,Male,1-2,z,6,9,PC,6,Other / No Affliation,Spotify,Blue,Movies,66,3,Netflix,999,TV Series,8,7,10 (High Quality),9,9,10 (High Quality),7,yea,3,9,7,1,10,Nothing,4.0 or more,1,7,No,Star Wars,Yes,10,2,0,Purple,Watch TV,Yes,Once a week,Netflix,7,Xbox Controller,1,1,4,Blue
9/10/2020 22:01:45,9,Male,0,A,3,7,PC,5,Other / No Affliation,Spotify,Hazel,Movies,70.5,3,Netflix,120,TV Series,3,3,9,4,6,9,9,Sometimes / Maybe,2,2,0,1,1,Something Entertaining,4.0 or more,300,1,Yes,Star Wars,No,1,4,3,Orange,Watch TV,Yes,Once a week,YouTube,5,Mouse and Keyboard,6,1,2,African or European?
9/10/2020 22:45:55,12,Female,3-4,A,12,4,PC,8,Republican,Spotify,Blue,Movies,69.6,4,Netflix,215,Movies,7,6,9,8,7,9,9,yea,4,10,7,1,8,Hanging out with Friends,4.0 or more,80,7,Yes,Star Wars,No,8,5,2,Blue,Both,Yes,Every single day of the week.,Netflix,6,"Retro Nintendo Controller (Wii, Gamecube, Nes/Snes)",8,2,3,African or European?
9/10/2020 23:48:43,9,Female,1-2,N,2,2,Console,20,Democratic,Spotify,Brown,Movies,60,5,Netflix,5,TV Series,7,5,5,3,8,6,8,yea,5,57,4,1,8,Online interactions,3.5,150,10,No,Harry Potter,Yes,9,6,1,Pink,Both,No,Once a week,YouTube,6,Standard Logitech/ Playstation Controller,5,1,3,I don't know that
9/11/2020 9:22:14,10,Female,1-2,Q,10,4,I don't have a preference,5,Other / No Affliation,Spotify,Brown,Movies,,1,Netflix,4,TV Series,8,8,7,9,7,9,8,yea,5,16,5,1,8,draw,3,2,8,No,Harry Potter,No,9,5,6,White,Watch TV,Yes,Four times a week,YouTube,3,"Retro Nintendo Controller (Wii, Gamecube, Nes/Snes)",6,4,3,I don't know that